-- MySQL dump 10.13  Distrib 5.7.26, for Linux (x86_64)
--
-- Host: localhost    Database: getgear
-- ------------------------------------------------------
-- Server version	5.7.26-0ubuntu0.18.04.1

/*!40101 SET @OLD_CHARACTER_SET_CLIENT=@@CHARACTER_SET_CLIENT */;
/*!40101 SET @OLD_CHARACTER_SET_RESULTS=@@CHARACTER_SET_RESULTS */;
/*!40101 SET @OLD_COLLATION_CONNECTION=@@COLLATION_CONNECTION */;
/*!40101 SET NAMES utf8 */;
/*!40103 SET @OLD_TIME_ZONE=@@TIME_ZONE */;
/*!40103 SET TIME_ZONE='+00:00' */;
/*!40014 SET @OLD_UNIQUE_CHECKS=@@UNIQUE_CHECKS, UNIQUE_CHECKS=0 */;
/*!40014 SET @OLD_FOREIGN_KEY_CHECKS=@@FOREIGN_KEY_CHECKS, FOREIGN_KEY_CHECKS=0 */;
/*!40101 SET @OLD_SQL_MODE=@@SQL_MODE, SQL_MODE='NO_AUTO_VALUE_ON_ZERO' */;
/*!40111 SET @OLD_SQL_NOTES=@@SQL_NOTES, SQL_NOTES=0 */;

--
-- Table structure for table `ads`
--

DROP TABLE IF EXISTS `ads`;
/*!40101 SET @saved_cs_client     = @@character_set_client */;
/*!40101 SET character_set_client = utf8 */;
CREATE TABLE `ads` (
  `id` int(11) NOT NULL AUTO_INCREMENT,
  `image` text NOT NULL,
  `ad_url` text NOT NULL,
  `time` timestamp NOT NULL DEFAULT CURRENT_TIMESTAMP,
  PRIMARY KEY (`id`)
) ENGINE=InnoDB AUTO_INCREMENT=5 DEFAULT CHARSET=latin1;
/*!40101 SET character_set_client = @saved_cs_client */;

--
-- Dumping data for table `ads`
--

LOCK TABLES `ads` WRITE;
/*!40000 ALTER TABLE `ads` DISABLE KEYS */;
INSERT INTO `ads` VALUES (1,'sanigetmultimedia@gmail.com_1556296253san.jpg','https://saniget.com/portfolio.html','2019-04-26 16:30:52'),(2,'sanigetmultimedia@gmail.com_1556297375san zx.jpg','https://saniget.com/index.html','2019-04-26 16:49:34'),(3,'sanigetmultimedia@gmail.com_1556477786FB_IMG_1556473619562.jpg','https://m.facebook.com/Suprememediaug/?ref=opera_speed_dial&amp;_ft_=mf_story_key.1938242782952529%3Atop_level_post_id.1938242782952529%3Atl_objid.1938242782952529%3Acontent_owner_id_new.1902793109830830%3Athrowback_story_fbid.1938242782952529%3Apage_id.1902793109830830%3Aphoto_id.1938242782952529%3Astory_location.4%3Astory_attachment_style.photo%3Apage_insights.%7B%221902793109830830%22%3A%7B%22role%22%3A1%2C%22page_id%22%3A1902793109830830%2C%22post_context%22%3A%7B%22story_fbid%22%3A1938242782952529%2C%22publish_time%22%3A1556266990%2C%22story_name%22%3A%22EntPhotoNodeBasedEdgeStory%22%2C%22object_fbtype%22%3A22%7D%2C%22actor_id%22%3A1902793109830830%2C%22psn%22%3A%22EntPhotoNodeBasedEdgeStory%22%2C%22sl%22%3A4%2C%22dm%22%3A%7B%22isShare%22%3A0%2C%22originalPostOwnerID%22%3A0%7D%2C%22targets%22%3A%5B%7B%22page_id%22%3A1902793109830830%2C%22actor_id%22%3A1902793109830830%2C%22role%22%3A1%2C%22post_id%22%3A1938242782952529%2C%22share_id%22%3A0%7D%5D%7D%7D%3Athid.1902793109830830%3A306061129499414%3A69%3A0%3A1556693999%3A6821845932943016906&amp;__tn__=C-R','2019-04-28 18:56:26'),(4,'sanigetmultimedia@gmail.com_15584476902222.jpg','https://www.facebook.com/pg/Get-Gear-367239020664797/posts/?ref=page_internal','2019-05-21 14:08:10');
/*!40000 ALTER TABLE `ads` ENABLE KEYS */;
UNLOCK TABLES;

--
-- Table structure for table `booked`
--

DROP TABLE IF EXISTS `booked`;
/*!40101 SET @saved_cs_client     = @@character_set_client */;
/*!40101 SET character_set_client = utf8 */;
CREATE TABLE `booked` (
  `id` int(11) NOT NULL AUTO_INCREMENT,
  `item_id` char(100) NOT NULL,
  `quantity` char(100) NOT NULL,
  `user_id` char(100) NOT NULL,
  `amount_paid` char(100) NOT NULL,
  `status` char(100) DEFAULT 'Processing',
  `transaction_type` char(100) NOT NULL,
  `gearDate` char(100) NOT NULL,
  `time` timestamp NOT NULL DEFAULT CURRENT_TIMESTAMP,
  PRIMARY KEY (`id`)
) ENGINE=InnoDB AUTO_INCREMENT=106 DEFAULT CHARSET=latin1;
/*!40101 SET character_set_client = @saved_cs_client */;

--
-- Dumping data for table `booked`
--

LOCK TABLES `booked` WRITE;
/*!40000 ALTER TABLE `booked` DISABLE KEYS */;
INSERT INTO `booked` VALUES (1,'11','1','1','0.2','Processing','PayPal','28/03/2019','2019-04-27 12:08:06'),(2,'11','1','1','0.2','Complete','PayPal','29/03/2019','2019-04-28 06:18:20'),(3,'11','2','2','0.2','Processing','PayPal','30/3/2019','2019-04-28 09:45:33'),(4,'11','2','2','0.2','Processing','PayPal','01/4/2019','2019-04-28 09:46:02'),(5,'11','1','1','0.2','Complete','PayPal','30/04/2019','2019-04-28 10:07:43'),(6,'15','1','1','0.2','Complete','PayPal','30/03/2019','2019-04-29 16:19:16'),(7,'6','1','1','0.2','Complete','PayPal','06/04/2019','2019-05-04 08:18:57'),(8,'20','1','1','0.0','Processing','Mobile Money','06/04/2019','2019-05-05 20:20:29'),(9,'6','1','2','0.0','Processing','Mobile Money','07/04/2019','2019-05-05 21:42:51'),(10,'6','1','2','0.0','Processing','Mobile Money','08/04/2019','2019-05-05 22:23:47'),(11,'6','1','2','0.0','Complete','Mobile Money','09/04/2019','2019-05-05 22:25:25'),(12,'20','1','1','0.0','Processing','Mobile Money','07/04/2019','2019-05-06 04:12:17'),(13,'8','1','1','0.0','Complete','Mobile Money','07/04/2019','2019-05-06 06:38:40'),(14,'20','1','1','0.0','Complete','Mobile Money','11/04/2019','2019-05-09 07:27:33'),(15,'27','1','28','0.0','Processing','Mobile Money','11/04/2019','2019-05-10 13:08:44'),(16,'8','1','4','20000','Processing','Cash','28/05/2019','2019-05-11 14:42:51'),(17,'7','1','1','20000','Processing','Cash','11/05/2019','2019-05-11 17:30:57'),(18,'24','1','1','0.0','Processing','Mobile Money','17/05/2019','2019-05-15 06:23:08'),(19,'24','1','1','0.0','Processing','Mobile Money','18/05/2019','2019-05-15 06:23:22'),(20,'24','1','1','0.0','Processing','Mobile Money','19/05/2019','2019-05-15 06:23:41'),(21,'23','1','1','0.0','Processing','Mobile Money','17/05/2019','2019-05-15 06:24:18'),(22,'23','1','1','0.0','Processing','Mobile Money','18/05/2019','2019-05-15 06:24:32'),(23,'23','1','1','0.0','Processing','Mobile Money','19/05/2019','2019-05-15 06:24:44'),(24,'3','1','30','10000','Complete','Cash','15/05/2019','2019-05-15 11:18:35'),(25,'22','3','1','0.0','Processing','Mobile Money','17/05/2019','2019-05-15 15:31:32'),(26,'22','3','1','0.0','Processing','Mobile Money','18/05/2019','2019-05-15 15:31:32'),(27,'22','3','1','0.0','Complete','Mobile Money','19/05/2019','2019-05-15 15:31:32'),(28,'28','1','1','20000','Processing','Cash','18/05/2019','2019-05-16 14:41:29'),(29,'6','3','2','0.0','Processing','Mobile Money','17/05/2019','2019-05-17 07:09:50'),(30,'6','3','2','0.0','Processing','Mobile Money','18/05/2019','2019-05-17 07:09:50'),(31,'6','3','2','0.0','Processing','Mobile Money','19/05/2019','2019-05-17 07:09:50'),(32,'6','1','2','0.0','Processing','Mobile Money','21/05/2019','2019-05-17 07:57:07'),(33,'19','1','1','0.0','Processing','Mobile Money','18/05/2019','2019-05-17 09:46:42'),(34,'19','1','1','0.0','Processing','Mobile Money','19/05/2019','2019-05-18 04:41:45'),(35,'18','2','1','0.0','Processing','Mobile Money','18/05/2019','2019-05-18 04:42:04'),(36,'18','2','1','0.0','Processing','Mobile Money','19/05/2019','2019-05-18 04:42:04'),(37,'17','2','1','0.0','Processing','Mobile Money','18/05/2019','2019-05-18 04:42:20'),(38,'17','2','1','0.0','Complete','Mobile Money','19/05/2019','2019-05-18 04:42:20'),(39,'8','2','1','0.0','Processing','Mobile Money','18/05/2019','2019-05-18 04:42:35'),(40,'8','2','1','0.0','Processing','Mobile Money','19/05/2019','2019-05-18 04:42:35'),(41,'5','2','1','0.0','Processing','Mobile Money','18/05/2019','2019-05-18 04:45:16'),(42,'5','2','1','0.0','Processing','Mobile Money','19/05/2019','2019-05-18 04:45:16'),(43,'4','2','1','0.0','Processing','Mobile Money','18/05/2019','2019-05-18 04:45:26'),(44,'4','2','1','0.0','Processing','Mobile Money','19/05/2019','2019-05-18 04:45:26'),(45,'3','2','1','0.0','Processing','Mobile Money','18/05/2019','2019-05-18 04:46:00'),(46,'3','2','1','0.0','Processing','Mobile Money','19/05/2019','2019-05-18 04:46:00'),(47,'26','1','1','0.0','Processing','Mobile Money','19/05/2019','2019-05-18 04:46:25'),(48,'4','3','1','0.0','Processing','Mobile Money','24/05/2019','2019-05-21 06:50:58'),(49,'4','3','1','0.0','Processing','Mobile Money','25/05/2019','2019-05-21 06:50:58'),(50,'4','3','1','0.0','Processing','Mobile Money','26/05/2019','2019-05-21 06:50:58'),(51,'5','3','1','0.0','Processing','Mobile Money','24/05/2019','2019-05-21 06:51:13'),(52,'5','3','1','0.0','Processing','Mobile Money','25/05/2019','2019-05-21 06:51:13'),(53,'5','3','1','0.0','Processing','Mobile Money','26/05/2019','2019-05-21 06:51:13'),(54,'30','1','46','250000','Complete','Cash','25/05/2019','2019-05-22 06:39:03'),(55,'8','3','1','0.0','Processing','Mobile Money','24/05/2019','2019-05-22 17:34:13'),(56,'8','3','1','0.0','Processing','Mobile Money','25/05/2019','2019-05-22 17:34:13'),(57,'8','3','1','0.0','Processing','Mobile Money','26/05/2019','2019-05-22 17:34:13'),(58,'23','3','1','0.0','Processing','Mobile Money','24/05/2019','2019-05-22 17:34:49'),(59,'23','3','1','0.0','Processing','Mobile Money','25/05/2019','2019-05-22 17:34:49'),(60,'23','3','1','0.0','Processing','Mobile Money','26/05/2019','2019-05-22 17:34:49'),(61,'24','1','1','0.0','Processing','Mobile Money','24/05/2019','2019-05-22 17:35:00'),(62,'24','2','1','0.0','Processing','Mobile Money','25/05/2019','2019-05-22 17:35:09'),(63,'24','2','1','0.0','Processing','Mobile Money','26/05/2019','2019-05-22 17:35:09'),(64,'24','2','1','0.0','Processing','Mobile Money','25/05/2019','2019-05-22 17:35:09'),(65,'24','2','1','0.0','Processing','Mobile Money','26/05/2019','2019-05-22 17:35:09'),(66,'22','4','1','0.0','Processing','Mobile Money','23/05/2019','2019-05-22 17:37:03'),(67,'22','4','1','0.0','Processing','Mobile Money','24/05/2019','2019-05-22 17:37:03'),(68,'22','4','1','0.0','Processing','Mobile Money','25/05/2019','2019-05-22 17:37:03'),(69,'22','4','1','0.0','Processing','Mobile Money','26/05/2019','2019-05-22 17:37:03'),(70,'3','1','30','10000','Complete','Cash','23/05/2019','2019-05-23 10:12:35'),(71,'28','1','24','0.0','Processing','Mobile Money','25/05/2019','2019-05-23 16:31:43'),(72,'17','1','1','0.0','Complete','Mobile Money','25/05/2019','2019-05-24 07:22:39'),(73,'18','1','1','0.0','Processing','Mobile Money','25/05/2019','2019-05-24 09:26:33'),(74,'3','1','1','0.0','Processing','Mobile Money','25/05/2019','2019-05-24 12:45:44'),(75,'19','1','1','0.0','Processing','Mobile Money','25/05/2019','2019-05-24 15:50:43'),(76,'32','1','29','10000','Complete','Cash','25/05/2019','2019-05-25 08:58:39'),(77,'6','2','2','0.0','Processing','Mobile Money','25/05/2019','2019-05-25 11:42:38'),(78,'6','2','2','0.0','Processing','Mobile Money','26/05/2019','2019-05-25 11:42:38'),(79,'32','1','44','10000','Complete','Cash','01/06/2019','2019-05-27 12:21:58'),(80,'32','1','1','10000','Processing','Cash','02/06/2019','2019-05-27 12:27:49'),(81,'4','2','3','300000','Processing','Cash','01/06/2019','2019-05-28 16:27:07'),(82,'4','2','3','300000','Processing','Cash','02/06/2019','2019-05-28 16:27:07'),(83,'8','3','1','0.0','Processing','Mobile Money','31/05/2019','2019-05-29 03:59:42'),(84,'8','3','1','0.0','Processing','Mobile Money','01/06/2019','2019-05-29 03:59:42'),(85,'8','3','1','0.0','Processing','Mobile Money','02/06/2019','2019-05-29 03:59:42'),(86,'18','3','64','20000','Processing','Cash','29/05/2019','2019-05-29 07:40:33'),(87,'18','3','64','20000','Processing','Cash','30/05/2019','2019-05-29 07:40:33'),(88,'18','3','64','20000','Processing','Cash','31/05/2019','2019-05-29 07:40:33'),(89,'28','1','24','0.0','Processing','Mobile Money','01/06/2019','2019-05-30 09:12:48'),(90,'24','3','1','0.0','Processing','Mobile Money','31/05/2019','2019-05-31 03:58:59'),(91,'24','3','1','0.0','Processing','Mobile Money','01/06/2019','2019-05-31 03:58:59'),(92,'24','3','1','0.0','Processing','Mobile Money','02/06/2019','2019-05-31 03:58:59'),(93,'30','1','14','0.0','Processing','Mobile Money','30/06/2019','2019-05-31 05:55:33'),(94,'20','2','1','0.0','Processing','Mobile Money','01/06/2019','2019-06-01 03:47:25'),(95,'20','2','1','0.0','Processing','Mobile Money','02/06/2019','2019-06-01 03:47:25'),(96,'17','1','1','0.0','Processing','Mobile Money','01/06/2019','2019-06-01 05:03:25'),(97,'18','1','1','0.0','Processing','Mobile Money','01/06/2019','2019-06-01 05:03:37'),(98,'18','1','1','0.0','Processing','Mobile Money','02/06/2019','2019-06-01 05:03:47'),(99,'17','1','1','0.0','Processing','Mobile Money','02/06/2019','2019-06-01 05:03:59'),(100,'37','2','1','0.0','Processing','Mobile Money','01/06/2019','2019-06-01 05:04:29'),(101,'37','2','1','0.0','Processing','Mobile Money','02/06/2019','2019-06-01 05:04:29'),(102,'36','3','1','0.0','Processing','Mobile Money','01/06/2019','2019-06-01 07:07:14'),(103,'36','3','1','0.0','Processing','Mobile Money','02/06/2019','2019-06-01 07:07:14'),(104,'36','3','1','0.0','Processing','Mobile Money','03/06/2019','2019-06-01 07:07:14'),(105,'6','1','2','0.0','Processing','Mobile Money','01/06/2019','2019-06-01 07:21:02');
/*!40000 ALTER TABLE `booked` ENABLE KEYS */;
UNLOCK TABLES;

--
-- Table structure for table `cart`
--

DROP TABLE IF EXISTS `cart`;
/*!40101 SET @saved_cs_client     = @@character_set_client */;
/*!40101 SET character_set_client = utf8 */;
CREATE TABLE `cart` (
  `id` int(11) NOT NULL AUTO_INCREMENT,
  `item_id` char(100) NOT NULL,
  `user_id` char(100) NOT NULL,
  `gearDate` char(100) NOT NULL,
  `count` char(100) NOT NULL,
  `time` timestamp NOT NULL DEFAULT CURRENT_TIMESTAMP,
  PRIMARY KEY (`id`)
) ENGINE=InnoDB AUTO_INCREMENT=17 DEFAULT CHARSET=latin1;
/*!40101 SET character_set_client = @saved_cs_client */;

--
-- Dumping data for table `cart`
--

LOCK TABLES `cart` WRITE;
/*!40000 ALTER TABLE `cart` DISABLE KEYS */;
INSERT INTO `cart` VALUES (5,'19','2','9/4/2019','1','2019-05-02 07:41:30'),(9,'13','10','5/4/2019','1','2019-05-03 17:48:20'),(10,'7','2','10/4/2019','3','2019-05-04 10:44:02'),(11,'24','2','7/4/2019','1','2019-05-06 15:00:18'),(12,'27','2','12/5/2019','5','2019-05-11 17:10:18'),(15,'29','38','27/5/2019','1','2019-05-27 09:24:43'),(16,'24','66','1/6/2019','1','2019-05-28 21:27:07');
/*!40000 ALTER TABLE `cart` ENABLE KEYS */;
UNLOCK TABLES;

--
-- Table structure for table `comment_response`
--

DROP TABLE IF EXISTS `comment_response`;
/*!40101 SET @saved_cs_client     = @@character_set_client */;
/*!40101 SET character_set_client = utf8 */;
CREATE TABLE `comment_response` (
  `id` int(11) NOT NULL AUTO_INCREMENT,
  `comment_id` char(100) NOT NULL,
  `user_id` char(100) NOT NULL,
  `resonse` text NOT NULL,
  `time` timestamp NOT NULL DEFAULT CURRENT_TIMESTAMP,
  PRIMARY KEY (`id`)
) ENGINE=InnoDB DEFAULT CHARSET=latin1;
/*!40101 SET character_set_client = @saved_cs_client */;

--
-- Dumping data for table `comment_response`
--

LOCK TABLES `comment_response` WRITE;
/*!40000 ALTER TABLE `comment_response` DISABLE KEYS */;
/*!40000 ALTER TABLE `comment_response` ENABLE KEYS */;
UNLOCK TABLES;

--
-- Table structure for table `comments`
--

DROP TABLE IF EXISTS `comments`;
/*!40101 SET @saved_cs_client     = @@character_set_client */;
/*!40101 SET character_set_client = utf8 */;
CREATE TABLE `comments` (
  `comment_id` int(11) NOT NULL AUTO_INCREMENT,
  `item_id` char(100) NOT NULL,
  `user_id` char(100) NOT NULL,
  `comment` text NOT NULL,
  `time` timestamp NOT NULL DEFAULT CURRENT_TIMESTAMP,
  PRIMARY KEY (`comment_id`)
) ENGINE=InnoDB AUTO_INCREMENT=8 DEFAULT CHARSET=latin1;
/*!40101 SET character_set_client = @saved_cs_client */;

--
-- Dumping data for table `comments`
--

LOCK TABLES `comments` WRITE;
/*!40000 ALTER TABLE `comments` DISABLE KEYS */;
INSERT INTO `comments` VALUES (1,'11','1','nice machine','2019-04-28 10:09:21'),(2,'11','1','???????','2019-04-28 10:09:56'),(3,'11','1','Wawoo kyakabi','2019-04-30 06:02:36'),(4,'15','1','It\'s a good camera','2019-05-02 12:38:05'),(5,'6','1','Guys try this proffetional tripod stand','2019-05-04 12:46:42'),(6,'3','30','Works Well','2019-05-24 12:35:50'),(7,'32','44','good ','2019-06-02 06:47:31');
/*!40000 ALTER TABLE `comments` ENABLE KEYS */;
UNLOCK TABLES;

--
-- Table structure for table `delivary_data`
--

DROP TABLE IF EXISTS `delivary_data`;
/*!40101 SET @saved_cs_client     = @@character_set_client */;
/*!40101 SET character_set_client = utf8 */;
CREATE TABLE `delivary_data` (
  `id` int(11) NOT NULL AUTO_INCREMENT,
  `contact_name` char(100) NOT NULL,
  `google_location` text NOT NULL,
  `unit` text NOT NULL,
  `state` char(100) NOT NULL,
  `city` char(100) NOT NULL,
  `zip` char(100) NOT NULL,
  `time` timestamp NOT NULL DEFAULT CURRENT_TIMESTAMP,
  PRIMARY KEY (`id`)
) ENGINE=InnoDB DEFAULT CHARSET=latin1;
/*!40101 SET character_set_client = @saved_cs_client */;

--
-- Dumping data for table `delivary_data`
--

LOCK TABLES `delivary_data` WRITE;
/*!40000 ALTER TABLE `delivary_data` DISABLE KEYS */;
/*!40000 ALTER TABLE `delivary_data` ENABLE KEYS */;
UNLOCK TABLES;

--
-- Table structure for table `dollarRate`
--

DROP TABLE IF EXISTS `dollarRate`;
/*!40101 SET @saved_cs_client     = @@character_set_client */;
/*!40101 SET character_set_client = utf8 */;
CREATE TABLE `dollarRate` (
  `id` int(11) NOT NULL AUTO_INCREMENT,
  `cost` char(100) NOT NULL,
  `time` timestamp NOT NULL DEFAULT CURRENT_TIMESTAMP,
  PRIMARY KEY (`id`)
) ENGINE=InnoDB AUTO_INCREMENT=2 DEFAULT CHARSET=latin1;
/*!40101 SET character_set_client = @saved_cs_client */;

--
-- Dumping data for table `dollarRate`
--

LOCK TABLES `dollarRate` WRITE;
/*!40000 ALTER TABLE `dollarRate` DISABLE KEYS */;
INSERT INTO `dollarRate` VALUES (1,'2500','2019-04-27 12:01:53');
/*!40000 ALTER TABLE `dollarRate` ENABLE KEYS */;
UNLOCK TABLES;

--
-- Table structure for table `inquiries`
--

DROP TABLE IF EXISTS `inquiries`;
/*!40101 SET @saved_cs_client     = @@character_set_client */;
/*!40101 SET character_set_client = utf8 */;
CREATE TABLE `inquiries` (
  `id` int(11) NOT NULL AUTO_INCREMENT,
  `message` text NOT NULL,
  `user_id` char(100) NOT NULL,
  `item_id` char(100) NOT NULL,
  `time` timestamp NOT NULL DEFAULT CURRENT_TIMESTAMP,
  PRIMARY KEY (`id`)
) ENGINE=InnoDB AUTO_INCREMENT=2 DEFAULT CHARSET=latin1;
/*!40101 SET character_set_client = @saved_cs_client */;

--
-- Dumping data for table `inquiries`
--

LOCK TABLES `inquiries` WRITE;
/*!40000 ALTER TABLE `inquiries` DISABLE KEYS */;
INSERT INTO `inquiries` VALUES (1,'good gears','1','11','2019-04-28 10:08:38');
/*!40000 ALTER TABLE `inquiries` ENABLE KEYS */;
UNLOCK TABLES;

--
-- Table structure for table `item_category`
--

DROP TABLE IF EXISTS `item_category`;
/*!40101 SET @saved_cs_client     = @@character_set_client */;
/*!40101 SET character_set_client = utf8 */;
CREATE TABLE `item_category` (
  `id` int(11) NOT NULL AUTO_INCREMENT,
  `categoryName` char(100) NOT NULL,
  `avator` text,
  PRIMARY KEY (`id`)
) ENGINE=InnoDB AUTO_INCREMENT=13 DEFAULT CHARSET=latin1;
/*!40101 SET character_set_client = @saved_cs_client */;

--
-- Dumping data for table `item_category`
--

LOCK TABLES `item_category` WRITE;
/*!40000 ALTER TABLE `item_category` DISABLE KEYS */;
INSERT INTO `item_category` VALUES (1,'cameras',NULL),(2,'drones',NULL),(3,'lenses',NULL),(4,'stands',NULL),(5,'memory_cards',NULL),(6,'speed_lights',NULL),(7,'computers',NULL),(8,'Trigger','sanigetmultimedia@gmail.com_1559206762YN-RF-603-II.jpg'),(9,'Sound Recoder','sanigetmultimedia@gmail.com_155920770971E1+ehxvcL._SL1500_.jpg'),(10,'Battery','sanigetmultimedia@gmail.com_15595006393H4A0932.JPG'),(11,'Soft Box','sanigetmultimedia@gmail.com_15595009603H4A0947.JPG'),(12,'Extension','sanigetmultimedia@gmail.com_15595017323H4A0953.JPG');
/*!40000 ALTER TABLE `item_category` ENABLE KEYS */;
UNLOCK TABLES;

--
-- Table structure for table `item_images`
--

DROP TABLE IF EXISTS `item_images`;
/*!40101 SET @saved_cs_client     = @@character_set_client */;
/*!40101 SET character_set_client = utf8 */;
CREATE TABLE `item_images` (
  `id` int(11) NOT NULL AUTO_INCREMENT,
  `item_id` char(100) NOT NULL,
  `image_name` char(100) NOT NULL,
  PRIMARY KEY (`id`)
) ENGINE=InnoDB AUTO_INCREMENT=115 DEFAULT CHARSET=latin1;
/*!40101 SET character_set_client = @saved_cs_client */;

--
-- Dumping data for table `item_images`
--

LOCK TABLES `item_images` WRITE;
/*!40000 ALTER TABLE `item_images` DISABLE KEYS */;
INSERT INTO `item_images` VALUES (1,'1','sanigetmultimedia@gmail.com_1556348471images (10).png'),(2,'1','sanigetmultimedia@gmail.com_1556348471images (11).png'),(3,'1','sanigetmultimedia@gmail.com_1556348471images (12).png'),(4,'1','sanigetmultimedia@gmail.com_1556348471images (18).png'),(5,'2','sanigetmultimedia@gmail.com_1556349244download.jpeg'),(6,'2','sanigetmultimedia@gmail.com_1556349244images (3).jpeg'),(7,'2','sanigetmultimedia@gmail.com_1556349244images (4).jpeg'),(8,'3','sanigetmultimedia@gmail.com_1556349513images (6).jpeg'),(9,'3','sanigetmultimedia@gmail.com_1556349513images (7).jpeg'),(10,'4','sanigetmultimedia@gmail.com_1556349684images (13).jpeg'),(11,'4','sanigetmultimedia@gmail.com_1556349684images (14).jpeg'),(12,'5','sanigetmultimedia@gmail.com_1556350555images (17).jpeg'),(13,'5','sanigetmultimedia@gmail.com_1556350555images (18).jpeg'),(14,'6','sanigetmultimedia@gmail.com_155635074541-Da1TXjOL.jpg'),(15,'6','sanigetmultimedia@gmail.com_1556350745images (19).jpeg'),(16,'7','sanigetmultimedia@gmail.com_1556351270619659147624.jpg'),(17,'7','sanigetmultimedia@gmail.com_1556351270619659147624 - Copy.jpg'),(18,'8','sanigetmultimedia@gmail.com_155635138864gb-cf.jpg'),(19,'8','sanigetmultimedia@gmail.com_155635138864gb-cf - Copy.jpg'),(20,'9','sanigetmultimedia@gmail.com_1556352061images (4) - Copy.tif'),(21,'9','sanigetmultimedia@gmail.com_1556352061images (4).tif'),(22,'10','sanigetmultimedia@gmail.com_1556352189images (4) - Copy.tif'),(23,'10','sanigetmultimedia@gmail.com_1556352189images (4).tif'),(24,'11','sanigetmultimedia@gmail.com_1556352347images (4) - Copy.jpg'),(25,'11','sanigetmultimedia@gmail.com_1556352347images (4) - Copy.tif'),(26,'12','sanigetmultimedia@gmail.com_1556352530images (4) - Copy.jpg'),(27,'12','sanigetmultimedia@gmail.com_1556352530images (4).jpg'),(28,'13','sanigetmultimedia@gmail.com_1556352908Laptop 50,000 - Copy.png'),(29,'13','sanigetmultimedia@gmail.com_1556352908Laptop 50,000.png'),(30,'14','sanigetmultimedia@gmail.com_1556353093images (1).jpeg'),(31,'14','sanigetmultimedia@gmail.com_1556353093images (2).jpeg'),(32,'14','sanigetmultimedia@gmail.com_1556353093images.jpeg'),(33,'15','sanigetmultimedia@gmail.com_1556436165289577_4_1000x1000_1.jpg'),(34,'15','sanigetmultimedia@gmail.com_1556436165images (10).jpeg'),(35,'15','sanigetmultimedia@gmail.com_1556436165Nikon-D7200-4.jpg'),(36,'16','sanigetmultimedia@gmail.com_1556447518images (8).jpeg'),(37,'16','sanigetmultimedia@gmail.com_1556447518images (9).jpeg'),(38,'16','sanigetmultimedia@gmail.com_1556447518images (8).jpeg'),(39,'17','sanigetmultimedia@gmail.com_1556702546c2.jpg'),(40,'17','sanigetmultimedia@gmail.com_1556702546c1.jpg'),(41,'18','sanigetmultimedia@gmail.com_1556778105IMG_5037.JPG'),(42,'18','sanigetmultimedia@gmail.com_1556778105IMG_5042.JPG'),(43,'18','sanigetmultimedia@gmail.com_1556778105IMG_5039.JPG'),(44,'19','sanigetmultimedia@gmail.com_1556778555IMG_5031.png'),(45,'19','sanigetmultimedia@gmail.com_1556778555IMG_5031.JPG'),(46,'19','sanigetmultimedia@gmail.com_1556778555IMG_5032.JPG'),(47,'20','sanigetmultimedia@gmail.com_1556809170IMG_9682.JPG'),(48,'20','sanigetmultimedia@gmail.com_1556809170IMG_9685.JPG'),(49,'20','sanigetmultimedia@gmail.com_1556809170IMG_9686.JPG'),(50,'21','sanigetmultimedia@gmail.com_1556809894IMG_9703.JPG'),(51,'21','sanigetmultimedia@gmail.com_1556809894IMG_9687.JPG'),(52,'21','sanigetmultimedia@gmail.com_1556809894IMG_9698.JPG'),(53,'22','sanigetmultimedia@gmail.com_1556810317IMG_9687.JPG'),(54,'22','sanigetmultimedia@gmail.com_1556810317IMG_9703.JPG'),(55,'22','sanigetmultimedia@gmail.com_1556810317IMG_9698.JPG'),(56,'23','sanigetmultimedia@gmail.com_15568144493H4A9672.JPG'),(57,'23','sanigetmultimedia@gmail.com_15568144493H4A9669.JPG'),(58,'23','sanigetmultimedia@gmail.com_15568144493H4A9657.JPG'),(59,'24','sanigetmultimedia@gmail.com_1556815082IMG_9673.JPG'),(60,'24','sanigetmultimedia@gmail.com_1556815082IMG_9677.JPG'),(61,'24','sanigetmultimedia@gmail.com_1556815082IMG_9678.JPG'),(62,'25','sanigetmultimedia@gmail.com_1557391752DSC_0098.JPG'),(63,'25','sanigetmultimedia@gmail.com_1557391752DSC_0099.JPG'),(64,'26','sanigetmultimedia@gmail.com_1557393148DSC_0098.JPG'),(65,'26','sanigetmultimedia@gmail.com_1557393148DSC_0099.JPG'),(69,'28','sanigetmultimedia@gmail.com_15579069941.JPG'),(70,'28','sanigetmultimedia@gmail.com_15579069942.jpg'),(71,'28','sanigetmultimedia@gmail.com_15579069943.jpg'),(72,'29','sanigetmultimedia@gmail.com_1558424699images (42).jpeg'),(73,'29','sanigetmultimedia@gmail.com_1558424699images (43).jpeg'),(74,'30','sanigetmultimedia@gmail.com_1558506270images (45).jpeg'),(75,'30','sanigetmultimedia@gmail.com_1558506270images (44).jpeg'),(76,'31','sanigetmultimedia@gmail.com_1558534238DSC_5380.JPG'),(77,'31','sanigetmultimedia@gmail.com_1558534238DSC_5382.JPG'),(78,'31','sanigetmultimedia@gmail.com_1558534238DSC_5388.JPG'),(79,'32','sanigetmultimedia@gmail.com_1558711049images (46).jpeg'),(80,'32','sanigetmultimedia@gmail.com_1558711049images (6).jpeg'),(81,'33','sanigetmultimedia@gmail.com_1559054827SNGT8922.JPG'),(82,'33','sanigetmultimedia@gmail.com_1559054827SNGT8928.JPG'),(83,'33','sanigetmultimedia@gmail.com_1559054827SNGT8929.JPG'),(84,'34','sanigetmultimedia@gmail.com_1559054959SNGT8942.JPG'),(85,'34','sanigetmultimedia@gmail.com_1559054959SNGT8944.JPG'),(86,'35','sanigetmultimedia@gmail.com_1559055133SNGT8943.JPG'),(87,'35','sanigetmultimedia@gmail.com_1559055133SNGT8945.JPG'),(88,'36','sanigetmultimedia@gmail.com_15592060701.JPG'),(89,'36','sanigetmultimedia@gmail.com_1559206070IMG_5036.JPG'),(90,'27','sanigetmultimedia@gmail.com_1559210860DSC_0521.JPG'),(91,'27','sanigetmultimedia@gmail.com_1559210860DSC_0523.JPG'),(92,'27','sanigetmultimedia@gmail.com_1559210860DSC_0531.JPG'),(93,'37','sanigetmultimedia@gmail.com_1559235133DSC_3911.JPG'),(94,'37','sanigetmultimedia@gmail.com_1559235133DSC_3914.JPG'),(95,'38','sanigetmultimedia@gmail.com_15594608533H4A0920.JPG'),(96,'38','sanigetmultimedia@gmail.com_15594608533H4A0921.JPG'),(97,'38','sanigetmultimedia@gmail.com_15594608533H4A0926.JPG'),(98,'39','sanigetmultimedia@gmail.com_15594999073H4A0938.JPG'),(99,'39','sanigetmultimedia@gmail.com_15594999073H4A0939.JPG'),(100,'40','sanigetmultimedia@gmail.com_15595003693H4A0934.JPG'),(101,'40','sanigetmultimedia@gmail.com_15595003693H4A0936.JPG'),(102,'40','sanigetmultimedia@gmail.com_15595003693H4A0937.JPG'),(105,'41','sanigetmultimedia@gmail.com_15595007873H4A0927.JPG'),(106,'41','sanigetmultimedia@gmail.com_15595007873H4A0932.JPG'),(107,'42','sanigetmultimedia@gmail.com_15595010783H4A0948.JPG'),(108,'42','sanigetmultimedia@gmail.com_15595010783H4A0949.JPG'),(109,'43','sanigetmultimedia@gmail.com_15595014183H4A0959.JPG'),(110,'43','sanigetmultimedia@gmail.com_15595014183H4A0960.JPG'),(111,'44','sanigetmultimedia@gmail.com_15595016223H4A0940.JPG'),(112,'44','sanigetmultimedia@gmail.com_15595016223H4A0945.JPG'),(113,'45','sanigetmultimedia@gmail.com_15595026203H4A0951.JPG'),(114,'45','sanigetmultimedia@gmail.com_15595026203H4A0953.JPG');
/*!40000 ALTER TABLE `item_images` ENABLE KEYS */;
UNLOCK TABLES;

--
-- Table structure for table `items`
--

DROP TABLE IF EXISTS `items`;
/*!40101 SET @saved_cs_client     = @@character_set_client */;
/*!40101 SET character_set_client = utf8 */;
CREATE TABLE `items` (
  `item_id` int(11) NOT NULL AUTO_INCREMENT,
  `item_name` char(100) NOT NULL,
  `item_price` char(100) NOT NULL,
  `time` timestamp NOT NULL DEFAULT CURRENT_TIMESTAMP,
  `user_id` char(100) NOT NULL,
  `category_id` char(100) NOT NULL,
  `item_qty` char(100) DEFAULT NULL,
  `publisher` char(100) NOT NULL,
  `item_description` text NOT NULL,
  `status` text,
  PRIMARY KEY (`item_id`)
) ENGINE=InnoDB AUTO_INCREMENT=46 DEFAULT CHARSET=latin1;
/*!40101 SET character_set_client = @saved_cs_client */;

--
-- Dumping data for table `items`
--

LOCK TABLES `items` WRITE;
/*!40000 ALTER TABLE `items` DISABLE KEYS */;
INSERT INTO `items` VALUES (3,'Canon lens 50 mm','15000','2019-04-27 07:18:33','1','3','1','1','Both Full frame and Crop sensor',NULL),(4,'Phantom 4 pro','300000','2019-04-27 07:21:24','1','2','1','1','It comes with pilot\nBook 2 days before',NULL),(5,'Phantom 4','250000','2019-04-27 07:35:55','1','2','1','1','It comes with Pilot\nBook 3 days before',NULL),(6,'Tripod stand','15000','2019-04-27 07:39:05','1','4','1','1','Professional  stand',NULL),(7,'SD card 64 GB','20000','2019-04-27 07:47:49','1','5','1','1','Try class 10 and the difference  ',NULL),(8,'CF card 64 GB','20000','2019-04-27 07:49:48','1','5','1','1','Book 2 days before',NULL),(13,'Laptop 50,000','50,000','2019-04-27 08:15:07','1','7','1','1','4 TB Hard drive, 6GB of Ram',NULL),(16,'Canon lens 70-200mm','1000000','2019-04-28 10:31:58','7','3','1','1','Tere lens\n2.8 Aparture','taken'),(17,'Nikon D7000','60000','2019-05-01 09:22:26','1','1','1','1','Comes with 1 battery and 8GB SD card\n18-105 Lens',NULL),(18,'Neewer speed light','20000','2019-05-02 06:21:45','1','6','1','1','It works on all cameras',NULL),(19,'Godox TT600 speed light','20000','2019-05-02 06:29:15','1','6','1','1','It works on all cameras\nUse Godox you won\'t regret',NULL),(20,'Sony Alpha 7 Mark iii','100000','2019-05-02 14:59:30','1','1','1','1','I give you 3 batteries, 3 lenses, charger and 64GB card',NULL),(22,'Sony EX3','80000','2019-05-02 15:18:37','1','1','1','1','2 Batteries, Charger and 64GB card',NULL),(23,'Canon 6D','100000','2019-05-02 16:27:29','1','1','1','1','3 Batteries, 64GB card and Charger\nIt has 24-105mm lens',NULL),(24,'Canon 5D Mark iii','100000','2019-05-02 16:38:01','1','1','1','1','3 batteries, 64GB card and lens 24-105mm',NULL),(26,'Screen stand','30000','2019-05-09 09:12:27','1','4','1','1','It can hold any Screen',NULL),(27,'Sound recorder','35000','2019-05-10 13:07:11','28','9','1','31','Records sound from mixer, etc',NULL),(28,'Yongnuo LED Video Light','20000','2019-05-15 07:56:33','24','6','1','1','Yongnuo-YN 300-led-light for Camera','taken'),(29,'Dji Mavic air drone','250000','2019-05-21 07:44:58','30','2','1','1','Dji Mavic air, It produces Ultra 4K\nIt comes with pilot\nBook in time',NULL),(30,'Phantom 4 Drone','250000','2019-05-22 06:24:29','14','2','1','1','I comes with pilot\nBook 2 days before\nYou facilitate pilot',NULL),(31,'BOYA BY-WM8 Pro Sound recorder','40000','2019-05-22 14:10:37','28','7','1','1','BOYA BY-WM8 Pro UHF Wireless Lavalier Microphone System',NULL),(32,'Canon lens 50mm','10000','2019-05-24 15:17:28','1','3','1','1','Canon lens 50mm 1.8 Aparture\nBoth Full frame and Crop Sensor',NULL),(33,'Canon lens 75-300mm','20000','2019-05-28 14:47:07','1','3','1','1','its canon lens for both cropped sensor and full frame',NULL),(34,'Infinitive SD card 64GB','15000','2019-05-28 14:49:19','1','5','1','1','Infinitive SD card 64GB',NULL),(35,'Infinitive SD card 64GB','15000','2019-05-28 14:52:12','1','5','1','1','Infinitive SD card 64GB',NULL),(36,'Neewer speed lights','20000','2019-05-30 08:47:49','1','6','1','1','If you are booking for 3 days, you get one pair of Pluluto ',NULL),(37,'Yongnuo digital Triggers','15000','2019-05-30 16:52:12','1','8','1','1','For Nikon cameras only',NULL),(38,'Canon lens 50 mm','15000','2019-06-02 07:34:12','1','3','1','1','Canon lens 50 mm with sharp focus',NULL),(39,'Yongnuo triggers','20000','2019-06-02 18:25:06','1','8','1','1','For all cameras',NULL),(40,'Boya sound recorder','35000','2019-06-02 18:32:48','1','9','1','1','Wireless sound recorder',NULL),(41,'Canon 5D mark iii battery','10000','2019-06-02 18:36:24','1','10','1','31','Canon battery 5d mark iii',NULL),(42,'Soft box','10000','2019-06-02 18:44:37','1','11','1','1','Soft box',NULL),(43,'Soft box, Bracket and Stand','30000','2019-06-02 18:50:18','1','11','1','1','Book  2 days before',NULL),(44,'Bracket','10000','2019-06-02 18:53:42','1','11','1','1','Book 2 days before',NULL),(45,'Extension Cable  25 m','20000','2019-06-02 19:10:20','1','12','1','1','Very strong',NULL);
/*!40000 ALTER TABLE `items` ENABLE KEYS */;
UNLOCK TABLES;

--
-- Table structure for table `messages`
--

DROP TABLE IF EXISTS `messages`;
/*!40101 SET @saved_cs_client     = @@character_set_client */;
/*!40101 SET character_set_client = utf8 */;
CREATE TABLE `messages` (
  `id` int(11) NOT NULL AUTO_INCREMENT,
  `post_id` int(11) DEFAULT NULL,
  `chat_id` int(11) DEFAULT NULL,
  `message` text NOT NULL,
  `sender_email` text NOT NULL,
  `reciever_email` text NOT NULL,
  `time` timestamp NOT NULL DEFAULT CURRENT_TIMESTAMP,
  `seen` text,
  `avator` text,
  PRIMARY KEY (`id`)
) ENGINE=InnoDB AUTO_INCREMENT=296 DEFAULT CHARSET=latin1;
/*!40101 SET character_set_client = @saved_cs_client */;

--
-- Dumping data for table `messages`
--

LOCK TABLES `messages` WRITE;
/*!40000 ALTER TABLE `messages` DISABLE KEYS */;
INSERT INTO `messages` VALUES (1,1,1,'Welcome to Get Gear, You are free to contact me from here in case of anything','sanigetmultimedia@gmail.com','wagaanaa@gmail.com','2019-04-26 13:51:08','true',NULL),(2,1,2,'Welcome to Get Gear, You are free to contact me from here in case of anything','sanigetmultimedia@gmail.com','arthursembatya2016@gmail.com','2019-04-26 14:42:42','true',NULL),(3,0,1,'Alex you are so great man','sanigetmultimedia@gmail.com','wagaanaa@gmail.com','2019-04-26 19:37:55','true',NULL),(4,0,1,'good job','wagaanaa@gmail.com','sanigetmultimedia@gmail.com','2019-04-26 19:38:19','true',NULL),(5,0,1,'sure?','sanigetmultimedia@gmail.com','wagaanaa@gmail.com','2019-04-26 19:38:43','true',NULL),(6,0,1,'Good morning Alex','sanigetmultimedia@gmail.com','wagaanaa@gmail.com','2019-04-27 04:02:08','true',NULL),(7,0,1,'good morning, have you tried to post some items? .','wagaanaa@gmail.com','sanigetmultimedia@gmail.com','2019-04-27 05:50:55','true',NULL),(8,0,1,'resize whatever you post, I can\'t see some images ','wagaanaa@gmail.com','sanigetmultimedia@gmail.com','2019-04-27 07:41:07','true',NULL),(9,0,1,'resize whatever you post, I can\'t see some images ','wagaanaa@gmail.com','sanigetmultimedia@gmail.com','2019-04-27 07:41:09','true',NULL),(10,1,3,'Welcome to Get Gear, You are free to contact me from here in case of anything','sanigetmultimedia@gmail.com','waglexinc@gmail.com','2019-04-27 13:47:24','true',NULL),(11,1,4,'Welcome to Get Gear, You are free to contact me from here in case of anything','sanigetmultimedia@gmail.com','georgecote184@gmail.com','2019-04-27 16:51:14',NULL,NULL),(12,1,5,'Welcome to Get Gear, You are free to contact me from here in case of anything','sanigetmultimedia@gmail.com','nalweyisow6@gmail.com','2019-04-27 20:48:47',NULL,NULL),(13,1,6,'Welcome to Get Gear, You are free to contact me from here in case of anything','sanigetmultimedia@gmail.com','nicjassy@gmail.com','2019-04-28 08:10:09','true',NULL),(14,0,6,'Hey man so great','sanigetmultimedia@gmail.com','nicjassy@gmail.com','2019-04-28 08:27:12','true',NULL),(15,1,7,'Welcome to Get Gear, You are free to contact me from here in case of anything','sanigetmultimedia@gmail.com','okiria3017@gmail.com','2019-04-28 08:39:37','true',NULL),(16,1,8,'Welcome to Get Gear, You are free to contact me from here in case of anything','sanigetmultimedia@gmail.com','bninsiima13@gmail.com','2019-04-28 09:06:08',NULL,NULL),(17,1,9,'Welcome to Get Gear, You are free to contact me from here in case of anything','sanigetmultimedia@gmail.com','kayfrex@gmail.com','2019-04-28 09:45:40','true',NULL),(18,1,1,'Messaging fixed ','wagaanaa@gmail.com','sanigetmultimedia@gmail.com','2019-04-28 12:11:49','true',NULL),(19,1,1,'Messaging fixed ','wagaanaa@gmail.com','sanigetmultimedia@gmail.com','2019-04-28 12:11:49','true',NULL),(20,1,1,'great man','sanigetmultimedia@gmail.com','wagaanaa@gmail.com','2019-04-28 13:22:47','true',NULL),(21,1,1,'then notifications','sanigetmultimedia@gmail.com','wagaanaa@gmail.com','2019-04-28 13:23:18','true',NULL),(22,1,10,'is it working?','sanigetmultimedia@gmail.com','sanigetmultimedia@gmail.com','2019-04-28 13:25:13','true',NULL),(23,1,6,'is it working?','sanigetmultimedia@gmail.com','nicjassy@gmail.com','2019-04-28 19:02:58',NULL,NULL),(24,1,1,'how far now?','sanigetmultimedia@gmail.com','wagaanaa@gmail.com','2019-04-28 19:03:34','true',NULL),(25,1,11,'Welcome to Get Gear, You are free to contact me from here in case of anything','sanigetmultimedia@gmail.com','lydiassn@gmail.com','2019-04-30 16:13:58',NULL,NULL),(26,1,12,'Welcome to Get Gear, You are free to contact me from here in case of anything','sanigetmultimedia@gmail.com','hatimmustapha9@gmail.com','2019-04-30 16:27:18','true',NULL),(27,1,13,'Welcome to Get Gear, You are free to contact me from here in case of anything','sanigetmultimedia@gmail.com','dextasan@gmail.com','2019-04-30 16:27:46','true',NULL),(28,1,13,'Hello','sanigetmultimedia@gmail.com','dextasan@gmail.com','2019-05-01 04:19:30','true',NULL),(29,1,14,'Welcome to Get Gear, You are free to contact me from here in case of anything','sanigetmultimedia@gmail.com','kingprezle@gmail.com','2019-05-01 08:31:18','true',NULL),(30,1,15,'Welcome to Get Gear, You are free to contact me from here in case of anything','sanigetmultimedia@gmail.com','','2019-05-01 17:40:28','true',NULL),(31,1,16,'Welcome to Get Gear, You are free to contact me from here in case of anything','sanigetmultimedia@gmail.com','kiragajovan@gmail.com','2019-05-02 15:36:14','true',NULL),(32,1,16,'Hello try new update','sanigetmultimedia@gmail.com','kiragajovan@gmail.com','2019-05-02 17:46:14','true',NULL),(33,1,2,'Hello','sanigetmultimedia@gmail.com','arthursembatya2016@gmail.com','2019-05-02 17:48:30','true',NULL),(34,1,1,'hello ','wagaanaa@gmail.com','sanigetmultimedia@gmail.com','2019-05-02 17:48:47','true',NULL),(35,1,1,'you','wagaanaa@gmail.com','sanigetmultimedia@gmail.com','2019-05-02 17:49:07','true',NULL),(36,1,1,'yeah','sanigetmultimedia@gmail.com','wagaanaa@gmail.com','2019-05-02 17:51:21','true',NULL),(37,1,1,'sure?','sanigetmultimedia@gmail.com','wagaanaa@gmail.com','2019-05-02 17:52:27','true',NULL),(38,1,1,'welcome ','wagaanaa@gmail.com','sanigetmultimedia@gmail.com','2019-05-02 17:53:47','true',NULL),(39,1,1,'health ','wagaanaa@gmail.com','sanigetmultimedia@gmail.com','2019-05-02 18:17:40','true',NULL),(40,1,1,'write to me','wagaanaa@gmail.com','sanigetmultimedia@gmail.com','2019-05-02 20:30:33','true',NULL),(41,1,1,'okay','sanigetmultimedia@gmail.com','wagaanaa@gmail.com','2019-05-03 03:42:10','true',NULL),(42,1,1,'our successful?','sanigetmultimedia@gmail.com','wagaanaa@gmail.com','2019-05-03 03:42:48','true',NULL),(43,1,1,'our successful?','sanigetmultimedia@gmail.com','wagaanaa@gmail.com','2019-05-03 03:42:49','true',NULL),(44,1,1,'update your app and test messages ','wagaanaa@gmail.com','sanigetmultimedia@gmail.com','2019-05-03 10:38:56','true',NULL),(45,1,1,'okey','sanigetmultimedia@gmail.com','wagaanaa@gmail.com','2019-05-03 10:57:42','true',NULL),(46,1,1,'hello','sanigetmultimedia@gmail.com','wagaanaa@gmail.com','2019-05-03 11:01:21','true',NULL),(47,1,1,'it doesn\'t show me to update','sanigetmultimedia@gmail.com','wagaanaa@gmail.com','2019-05-03 11:02:36','true',NULL),(48,1,1,'done ','wagaanaa@gmail.com','sanigetmultimedia@gmail.com','2019-05-03 11:16:08','true',NULL),(49,1,1,'it still closing','sanigetmultimedia@gmail.com','wagaanaa@gmail.com','2019-05-03 11:18:23','true',NULL),(50,1,1,'it stops','sanigetmultimedia@gmail.com','wagaanaa@gmail.com','2019-05-03 11:18:33','true',NULL),(51,1,1,'good ','wagaanaa@gmail.com','sanigetmultimedia@gmail.com','2019-05-03 11:19:08','true',NULL),(52,1,1,'hey','sanigetmultimedia@gmail.com','wagaanaa@gmail.com','2019-05-03 17:33:58','true',NULL),(53,1,1,'hello','wagaanaa@gmail.com','sanigetmultimedia@gmail.com','2019-05-03 17:36:06','true',NULL),(54,1,1,'Ghana ','wagaanaa@gmail.com','sanigetmultimedia@gmail.com','2019-05-03 17:37:46','true',NULL),(55,1,1,'fgg','wagaanaa@gmail.com','sanigetmultimedia@gmail.com','2019-05-03 17:39:24','true',NULL),(56,1,1,'fgg','wagaanaa@gmail.com','sanigetmultimedia@gmail.com','2019-05-03 17:39:24','true',NULL),(57,1,1,'they','sanigetmultimedia@gmail.com','wagaanaa@gmail.com','2019-05-03 17:39:27','true',NULL),(58,1,1,'nth ','wagaanaa@gmail.com','sanigetmultimedia@gmail.com','2019-05-03 17:39:45','true',NULL),(59,1,1,'Erwin ','wagaanaa@gmail.com','sanigetmultimedia@gmail.com','2019-05-03 17:40:08','true',NULL),(60,1,1,'yah','sanigetmultimedia@gmail.com','wagaanaa@gmail.com','2019-05-03 17:41:04','true',NULL),(61,1,9,'Am new user ?','kayfrex@gmail.com','sanigetmultimedia@gmail.com','2019-05-03 17:46:01','true',NULL),(62,1,9,'help','kayfrex@gmail.com','sanigetmultimedia@gmail.com','2019-05-03 17:46:57','true',NULL),(63,1,9,'help','kayfrex@gmail.com','sanigetmultimedia@gmail.com','2019-05-03 17:46:57','true',NULL),(64,1,9,'help','kayfrex@gmail.com','sanigetmultimedia@gmail.com','2019-05-03 17:46:58','true',NULL),(65,1,9,'hello','kayfrex@gmail.com','sanigetmultimedia@gmail.com','2019-05-03 18:11:57','true',NULL),(66,1,9,'hello','kayfrex@gmail.com','sanigetmultimedia@gmail.com','2019-05-03 18:11:58','true',NULL),(67,1,1,'try buying','wagaanaa@gmail.com','sanigetmultimedia@gmail.com','2019-05-04 06:51:37','true',NULL),(68,1,1,'text me again','sanigetmultimedia@gmail.com','wagaanaa@gmail.com','2019-05-04 07:52:04','true',NULL),(69,1,1,'done','wagaanaa@gmail.com','sanigetmultimedia@gmail.com','2019-05-04 08:04:05','true',NULL),(70,1,10,'Hello!, KIBUULE SANON.&lt;/br&gt; Your Item Named Tripod stand with description &quot;Professional  stand&quot; has been hired by someone for 1 day(s) on 6/4/2019 please delver the equipment on time.','sanigetmultimedia@gmail.com','sanigetmultimedia@gmail.com','2019-05-04 08:18:57','true',NULL),(71,1,1,'send me another message','wagaanaa@gmail.com','sanigetmultimedia@gmail.com','2019-05-04 09:48:53','true',NULL),(72,1,1,'okay','sanigetmultimedia@gmail.com','wagaanaa@gmail.com','2019-05-04 09:52:24','true',NULL),(73,1,1,'tell them to get the money ready','wagaanaa@gmail.com','sanigetmultimedia@gmail.com','2019-05-04 09:53:38','true',NULL),(74,1,1,'who to get money ready?','sanigetmultimedia@gmail.com','wagaanaa@gmail.com','2019-05-04 09:57:31','true',NULL),(75,1,1,'buyers and gear owners','wagaanaa@gmail.com','sanigetmultimedia@gmail.com','2019-05-04 10:05:56','true',NULL),(76,1,1,'wait until V1.1.6 is visible on play store, as I prepare to work on deactivated gears','wagaanaa@gmail.com','sanigetmultimedia@gmail.com','2019-05-04 10:07:49','true',NULL),(77,1,1,'have you tested the notification?.','wagaanaa@gmail.com','sanigetmultimedia@gmail.com','2019-05-04 12:26:46','true',NULL),(78,1,17,'Welcome to Get Gear, You are free to contact me from here in case of anything','wagaanaa@gmail.com','textsmukasa@gmail.com','2019-05-04 12:31:25','true',NULL),(79,1,1,'send me masege','sanigetmultimedia@gmail.com','wagaanaa@gmail.com','2019-05-04 12:33:04','true',NULL),(80,1,16,'hello','sanigetmultimedia@gmail.com','kiragajovan@gmail.com','2019-05-04 13:12:13','true',NULL),(81,1,16,' sebo','kiragajovan@gmail.com','sanigetmultimedia@gmail.com','2019-05-04 13:13:32','true',NULL),(82,1,16,'hi','kiragajovan@gmail.com','sanigetmultimedia@gmail.com','2019-05-04 13:14:29','true',NULL),(83,1,16,'Recorders available now','sanigetmultimedia@gmail.com','kiragajovan@gmail.com','2019-05-04 13:15:44','true',NULL),(84,1,16,'hello','kiragajovan@gmail.com','sanigetmultimedia@gmail.com','2019-05-04 13:17:07','true',NULL),(85,1,12,'is it working?','sanigetmultimedia@gmail.com','hatimmustapha9@gmail.com','2019-05-04 13:30:06',NULL,NULL),(86,1,16,'is it working','sanigetmultimedia@gmail.com','kiragajovan@gmail.com','2019-05-04 13:33:20','true',NULL),(87,1,18,'Welcome to Get Gear, You are free to contact me from here in case of anything','sanigetmultimedia@gmail.com','kasujjafaizo@gmail.com','2019-05-04 14:26:00','true',NULL),(88,1,18,'Hello Faiso','sanigetmultimedia@gmail.com','kasujjafaizo@gmail.com','2019-05-04 14:35:42','true',NULL),(89,1,1,'hi','wagaanaa@gmail.com','sanigetmultimedia@gmail.com','2019-05-04 14:45:47','true',NULL),(90,1,1,' hahahaha','sanigetmultimedia@gmail.com','wagaanaa@gmail.com','2019-05-04 14:47:08','true',NULL),(91,1,1,'why','sanigetmultimedia@gmail.com','wagaanaa@gmail.com','2019-05-04 15:29:09','true',NULL),(92,1,1,'lolo','wagaanaa@gmail.com','sanigetmultimedia@gmail.com','2019-05-04 15:29:51','true',NULL),(93,1,1,'kuku','wagaanaa@gmail.com','sanigetmultimedia@gmail.com','2019-05-04 15:30:53','true',NULL),(94,1,15,'Welcome to Get Gear, You are free to contact me from here in case of anything','sanigetmultimedia@gmail.com','','2019-05-04 23:32:44','true',NULL),(95,1,1,'any update?','sanigetmultimedia@gmail.com','wagaanaa@gmail.com','2019-05-05 04:36:49','true',NULL),(96,1,15,'Hello thank you for joining Get Gear share your contact with us for easy communication','sanigetmultimedia@gmail.com','','2019-05-05 06:16:32','true',NULL),(97,1,19,'Welcome to Get Gear, You are free to contact me from here in case of anything','sanigetmultimedia@gmail.com','alexisdesignershanje3@gmail.com','2019-05-05 07:18:13','true',NULL),(98,1,19,'Thax James','sanigetmultimedia@gmail.com','alexisdesignershanje3@gmail.com','2019-05-05 07:24:28','true',NULL),(99,1,10,'Hello!, Get Gear.&lt;/br&gt; Your Item Named Sony Alpha 7 Mark iii with description &quot;I give you 3 batteries, 3 lenses, charger and 64GB card&quot; has been hired by someone for 1 day(s) on 6/4/2019 please delver the equipment on time.','sanigetmultimedia@gmail.com','sanigetmultimedia@gmail.com','2019-05-05 20:20:29','true',NULL),(100,1,1,'Hello!, Wagaana Alex.&lt;/br&gt; Your Item Named Tripod stand with description &quot;Professional  stand&quot; has been hired by someone for 1 day(s) on 7/4/2019 please delver the equipment on time.','sanigetmultimedia@gmail.com','wagaanaa@gmail.com','2019-05-05 21:42:51','true',NULL),(101,1,1,'Hello!, Wagaana Alex.&lt;/br&gt; Your Item Named Tripod stand with description &quot;Professional  stand&quot; has been hired by someone for 1 day(s) on 8/4/2019 please delver the equipment on time.','sanigetmultimedia@gmail.com','wagaanaa@gmail.com','2019-05-05 22:23:47','true',NULL),(102,1,1,'Hello!, Wagaana Alex.&lt;/br&gt; Your Item Named Tripod stand with description &quot;Professional  stand&quot; has been hired by someone for 1 day(s) on 9/4/2019 please delver the equipment on time.','sanigetmultimedia@gmail.com','wagaanaa@gmail.com','2019-05-05 22:25:25','true',NULL),(103,1,10,'Hello!, Get Gear.&lt;/br&gt; Your Item Named Sony Alpha 7 Mark iii with description &quot;I give you 3 batteries, 3 lenses, charger and 64GB card&quot; has been hired by someone for 1 day(s) on 7/4/2019 please delver the equipment on time.','sanigetmultimedia@gmail.com','sanigetmultimedia@gmail.com','2019-05-06 04:12:17','true',NULL),(104,1,2,'morning','sanigetmultimedia@gmail.com','arthursembatya2016@gmail.com','2019-05-06 04:32:09','true',NULL),(105,1,2,'oh no','sanigetmultimedia@gmail.com','arthursembatya2016@gmail.com','2019-05-06 04:33:02','true',NULL),(106,1,10,'Hello!, Get Gear.&lt;/br&gt; Your Item Named CF card 64 GB with description &quot;Book 2 days before&quot; has been hired by someone for 1 day(s) on 7/4/2019 please delver the equipment on time.','sanigetmultimedia@gmail.com','sanigetmultimedia@gmail.com','2019-05-06 06:38:40','true',NULL),(107,1,2,'hhhhh','arthursembatya2016@gmail.com','sanigetmultimedia@gmail.com','2019-05-06 09:18:12','true',NULL),(108,1,1,'','wagaanaa@gmail.com','sanigetmultimedia@gmail.com','2019-05-06 11:25:51','true',NULL),(109,1,1,'','wagaanaa@gmail.com','sanigetmultimedia@gmail.com','2019-05-06 11:25:52','true',NULL),(110,1,1,'','wagaanaa@gmail.com','sanigetmultimedia@gmail.com','2019-05-06 11:25:53','true',NULL),(111,1,1,'hahahaha','sanigetmultimedia@gmail.com','wagaanaa@gmail.com','2019-05-06 11:28:55','true',NULL),(112,1,1,'hola','wagaanaa@gmail.com','sanigetmultimedia@gmail.com','2019-05-06 11:51:21','true',NULL),(113,1,2,',sure?','sanigetmultimedia@gmail.com','arthursembatya2016@gmail.com','2019-05-06 11:51:22','true',NULL),(114,1,20,'Welcome to Get Gear, You are free to contact me from here in case of anything','sanigetmultimedia@gmail.com','king.junioroff@gmail.com','2019-05-06 15:41:41','true',NULL),(115,1,20,'Thank you for choosing Get Gear, we kindly request you to please provide with you phone for easy communication','sanigetmultimedia@gmail.com','king.junioroff@gmail.com','2019-05-07 06:18:59','true',NULL),(116,1,20,'hello','sanigetmultimedia@gmail.com','king.junioroff@gmail.com','2019-05-07 10:50:29','true',NULL),(117,1,15,'Welcome to Get Gear, You are free to contact me from here in case of anything','sanigetmultimedia@gmail.com','','2019-05-07 11:28:22','true',NULL),(118,1,19,'Hello, thank you for choosing Get Gear ','sanigetmultimedia@gmail.com','alexisdesignershanje3@gmail.com','2019-05-07 16:04:58','true',NULL),(119,1,19,'Hello, thank you for choosing Get Gear, there is an update on play store please download it','sanigetmultimedia@gmail.com','alexisdesignershanje3@gmail.com','2019-05-07 16:07:24','true',NULL),(120,1,15,'Hello, thank you for choosing Get Gear, there is an update on play store please download it','sanigetmultimedia@gmail.com','','2019-05-07 16:07:49','true',NULL),(121,1,20,'Hello, thank you for choosing Get Gear, there is an update on play store please download it','sanigetmultimedia@gmail.com','king.junioroff@gmail.com','2019-05-07 16:07:57','true',NULL),(122,1,2,'Hello, thank you for choosing Get Gear, there is an update on play store please download it','sanigetmultimedia@gmail.com','arthursembatya2016@gmail.com','2019-05-07 16:08:07','true',NULL),(123,1,1,'Hello, thank you for choosing Get Gear, there is an update on play store please download it','sanigetmultimedia@gmail.com','wagaanaa@gmail.com','2019-05-07 16:08:16','true',NULL),(124,1,18,'Hello, thank you for choosing Get Gear, there is an update on play store please download it','sanigetmultimedia@gmail.com','kasujjafaizo@gmail.com','2019-05-07 16:08:28','true',NULL),(125,1,16,'Hello, thank you for choosing Get Gear, there is an update on play store please download it','sanigetmultimedia@gmail.com','kiragajovan@gmail.com','2019-05-07 16:08:37','true',NULL),(126,1,12,'Hello, thank you for choosing Get Gear, there is an update on play store please download it','sanigetmultimedia@gmail.com','hatimmustapha9@gmail.com','2019-05-07 16:08:46',NULL,NULL),(127,1,9,'Hello, thank you for choosing Get Gear, there is an update on play store please download it','sanigetmultimedia@gmail.com','kayfrex@gmail.com','2019-05-07 16:08:58',NULL,NULL),(128,1,14,'Hello, thank you for choosing Get Gear, there is an update on play store please download it','sanigetmultimedia@gmail.com','kingprezle@gmail.com','2019-05-07 16:09:19','true',NULL),(129,1,13,'Hello, thank you for choosing Get Gear, there is an update on play store please download it','sanigetmultimedia@gmail.com','dextasan@gmail.com','2019-05-07 16:09:32','true',NULL),(130,1,20,'Hello, thank you for choosing Get Gear, there is an update on play store please download it','sanigetmultimedia@gmail.com','king.junioroff@gmail.com','2019-05-07 16:09:43','true',NULL),(131,1,6,'Hello, thank you for choosing Get Gear, there is an update on play store please download it','sanigetmultimedia@gmail.com','nicjassy@gmail.com','2019-05-07 16:10:17',NULL,NULL),(132,1,2,'hello','arthursembatya2016@gmail.com','sanigetmultimedia@gmail.com','2019-05-07 17:20:29','true',NULL),(133,1,2,'hello','arthursembatya2016@gmail.com','sanigetmultimedia@gmail.com','2019-05-07 17:20:29','true',NULL),(134,1,2,'hello','arthursembatya2016@gmail.com','sanigetmultimedia@gmail.com','2019-05-07 17:20:30','true',NULL),(135,1,2,'hello','arthursembatya2016@gmail.com','sanigetmultimedia@gmail.com','2019-05-07 17:20:30','true',NULL),(136,1,2,'hi','arthursembatya2016@gmail.com','sanigetmultimedia@gmail.com','2019-05-07 17:20:37','true',NULL),(137,1,2,'hello','arthursembatya2016@gmail.com','sanigetmultimedia@gmail.com','2019-05-07 17:28:37','true',NULL),(138,1,2,'hello','arthursembatya2016@gmail.com','sanigetmultimedia@gmail.com','2019-05-07 17:28:37','true',NULL),(139,1,2,'hello','arthursembatya2016@gmail.com','sanigetmultimedia@gmail.com','2019-05-07 17:28:37','true',NULL),(140,1,2,'hello','arthursembatya2016@gmail.com','sanigetmultimedia@gmail.com','2019-05-07 17:28:37','true',NULL),(141,1,2,'hello','arthursembatya2016@gmail.com','sanigetmultimedia@gmail.com','2019-05-07 17:28:38','true',NULL),(142,1,2,'hello','arthursembatya2016@gmail.com','sanigetmultimedia@gmail.com','2019-05-07 17:28:38','true',NULL),(143,1,2,'hello','arthursembatya2016@gmail.com','sanigetmultimedia@gmail.com','2019-05-07 17:28:45','true',NULL),(144,1,2,'hello','arthursembatya2016@gmail.com','sanigetmultimedia@gmail.com','2019-05-07 17:33:12','true',NULL),(145,1,2,'search','arthursembatya2016@gmail.com','sanigetmultimedia@gmail.com','2019-05-07 17:33:35','true',NULL),(146,1,2,'yes','sanigetmultimedia@gmail.com','arthursembatya2016@gmail.com','2019-05-07 17:34:40','true',NULL),(147,1,15,'Welcome to Get Gear, You are free to contact me from here in case of anything','sanigetmultimedia@gmail.com','','2019-05-07 18:34:29','true',NULL),(148,1,1,'ddd','wagaanaa@gmail.com','sanigetmultimedia@gmail.com','2019-05-07 19:10:50','true',NULL),(149,1,21,'Welcome to Get Gear, You are free to contact me from here in case of anything','sanigetmultimedia@gmail.com','phillipmwesige@gmail.com','2019-05-08 05:11:08','true',NULL),(150,1,21,'Hello good morning','sanigetmultimedia@gmail.com','phillipmwesige@gmail.com','2019-05-08 05:18:32','true',NULL),(151,1,21,'hi','phillipmwesige@gmail.com','sanigetmultimedia@gmail.com','2019-05-08 05:19:29','true',NULL),(152,1,22,'Welcome to Get Gear, You are free to contact me from here in case of anything','sanigetmultimedia@gmail.com','sstanley.net@gmail.com','2019-05-08 06:19:11','true',NULL),(153,1,22,'How do i add equipment ','sstanley.net@gmail.com','sanigetmultimedia@gmail.com','2019-05-08 06:29:34','true',NULL),(154,1,22,'How do i add equipment ','sstanley.net@gmail.com','sanigetmultimedia@gmail.com','2019-05-08 06:29:36','true',NULL),(155,1,22,'How do i add equipment ','sstanley.net@gmail.com','sanigetmultimedia@gmail.com','2019-05-08 06:29:36','true',NULL),(156,1,22,'How do i add equipment ','sstanley.net@gmail.com','sanigetmultimedia@gmail.com','2019-05-08 06:29:37','true',NULL),(157,1,22,'How do i add equipment ','sstanley.net@gmail.com','sanigetmultimedia@gmail.com','2019-05-08 06:29:37','true',NULL),(158,1,22,'Thank you for choosing Get Gear, adding equipment you will to first contact the admin for verification ie show documents of ownership, testing the equipment.','sanigetmultimedia@gmail.com','sstanley.net@gmail.com','2019-05-08 06:53:20',NULL,NULL),(159,1,23,'Welcome to Get Gear, You are free to contact me from here in case of anything','sanigetmultimedia@gmail.com','muliisachris@gmail.com','2019-05-08 09:52:34','true',NULL),(160,1,10,'Hello!, Get Gear.&lt;/br&gt; Your Item Named Sony Alpha 7 Mark iii with description &quot;I give you 3 batteries, 3 lenses, charger and 64GB card&quot; has been hired by someone for 1 day(s) on 11/4/2019 please delver the equipment on time.','sanigetmultimedia@gmail.com','sanigetmultimedia@gmail.com','2019-05-09 07:27:33','true',NULL),(161,1,24,'Welcome to Get Gear, You are free to contact me from here in case of anything','sanigetmultimedia@gmail.com','shnurban@gmail.com','2019-05-09 09:08:34','true',NULL),(162,1,25,'Welcome to Get Gear, You are free to contact me from here in case of anything','sanigetmultimedia@gmail.com','hindi666hanood@gmail.com','2019-05-10 12:27:46','true',NULL),(163,1,25,'Hello!, Hadijjah Nalukwago.&lt;/br&gt; Your Item Named Sound recorder with description &quot;Records sound from mixer, etc&quot; has been hired by someone for 1 day(s) on 11/4/2019 please delver the equipment on time.','sanigetmultimedia@gmail.com','hindi666hanood@gmail.com','2019-05-10 13:08:44','true',NULL),(164,1,25,'Deliver the Gear','sanigetmultimedia@gmail.com','hindi666hanood@gmail.com','2019-05-10 13:11:26','true',NULL),(165,1,26,'Welcome to Get Gear, You are free to contact me from here in case of anything','sanigetmultimedia@gmail.com','abahojoshua002@gmail.com','2019-05-10 16:23:14','true',NULL),(166,1,15,'Welcome to Get Gear, You are free to contact me from here in case of anything','sanigetmultimedia@gmail.com','','2019-05-11 09:32:00','true',NULL),(167,1,3,'Hello!, waglex Inc.&lt;/br&gt; Your Item Named CF card 64 GB with description &quot;Book 2 days before&quot; has been hired by someone for 1 day(s) on 28/05/2019 please delver the equipment on time.','sanigetmultimedia@gmail.com','waglexinc@gmail.com','2019-05-11 14:42:51','true',NULL),(168,1,10,'Hello!, Get Gear.&lt;/br&gt; Your Item Named SD card 64 GB with description &quot;Try class 10 and the difference  &quot; has been hired by someone for 1 day(s) on 11/05/2019 please delver the equipment on time.','sanigetmultimedia@gmail.com','sanigetmultimedia@gmail.com','2019-05-11 17:30:57','true',NULL),(169,1,15,'Welcome to Get Gear, You are free to contact me from here in case of anything','sanigetmultimedia@gmail.com','','2019-05-12 17:00:19','true',NULL),(170,1,27,'Welcome to Get Gear, You are free to contact me from here in case of anything','sanigetmultimedia@gmail.com','kitandwem@gmail.com','2019-05-13 19:32:43','true',NULL),(171,1,15,'Welcome to Get Gear, You are free to contact me from here in case of anything','sanigetmultimedia@gmail.com','','2019-05-14 05:42:06','true',NULL),(172,1,15,'Welcome to Get Gear, You are free to contact me from here in case of anything','sanigetmultimedia@gmail.com','','2019-05-14 07:45:51','true',NULL),(173,1,28,'Welcome to Get Gear, You are free to contact me from here in case of anything','sanigetmultimedia@gmail.com','kiyingidavid.davk@gmail.com','2019-05-14 15:39:54','true',NULL),(174,1,28,'Thanks you for choosing Get Gear we can connect me from here or email me on getgearug@gmail.com','sanigetmultimedia@gmail.com','kiyingidavid.davk@gmail.com','2019-05-14 16:24:40','true',NULL),(175,1,28,'sorry, you can contact me from here','sanigetmultimedia@gmail.com','kiyingidavid.davk@gmail.com','2019-05-14 16:29:25','true',NULL),(176,1,15,'Welcome to Get Gear, You are free to contact me from here in case of anything','sanigetmultimedia@gmail.com','','2019-05-14 16:41:51','true',NULL),(177,1,21,'Now you up to date','sanigetmultimedia@gmail.com','phillipmwesige@gmail.com','2019-05-15 05:33:08','true',NULL),(178,1,21,'Now you up to date','sanigetmultimedia@gmail.com','phillipmwesige@gmail.com','2019-05-15 05:33:10','true',NULL),(179,1,10,'Hello!, Get Gear.&lt;/br&gt; Your Item Named Canon 5D Mark iii with description &quot;3 batteries, 64GB card and lens 24-105mm&quot; has been hired by someone for 1 day(s) on 17/5/2019 please delver the equipment on time.','sanigetmultimedia@gmail.com','sanigetmultimedia@gmail.com','2019-05-15 06:23:08','true',NULL),(180,1,10,'Hello!, Get Gear.&lt;/br&gt; Your Item Named Canon 5D Mark iii with description &quot;3 batteries, 64GB card and lens 24-105mm&quot; has been hired by someone for 1 day(s) on 18/5/2019 please delver the equipment on time.','sanigetmultimedia@gmail.com','sanigetmultimedia@gmail.com','2019-05-15 06:23:22','true',NULL),(181,1,10,'Hello!, Get Gear.&lt;/br&gt; Your Item Named Canon 5D Mark iii with description &quot;3 batteries, 64GB card and lens 24-105mm&quot; has been hired by someone for 1 day(s) on 19/5/2019 please delver the equipment on time.','sanigetmultimedia@gmail.com','sanigetmultimedia@gmail.com','2019-05-15 06:23:41','true',NULL),(182,1,10,'Hello!, Get Gear.&lt;/br&gt; Your Item Named Canon 6D with description &quot;3 Batteries, 64GB card and Charger\nIt has 24-105mm lens&quot; has been hired by someone for 1 day(s) on 17/5/2019 please delver the equipment on time.','sanigetmultimedia@gmail.com','sanigetmultimedia@gmail.com','2019-05-15 06:24:18','true',NULL),(183,1,10,'Hello!, Get Gear.&lt;/br&gt; Your Item Named Canon 6D with description &quot;3 Batteries, 64GB card and Charger\nIt has 24-105mm lens&quot; has been hired by someone for 1 day(s) on 18/5/2019 please delver the equipment on time.','sanigetmultimedia@gmail.com','sanigetmultimedia@gmail.com','2019-05-15 06:24:32','true',NULL),(184,1,10,'Hello!, Get Gear.&lt;/br&gt; Your Item Named Canon 6D with description &quot;3 Batteries, 64GB card and Charger\nIt has 24-105mm lens&quot; has been hired by someone for 1 day(s) on 19/5/2019 please delver the equipment on time.','sanigetmultimedia@gmail.com','sanigetmultimedia@gmail.com','2019-05-15 06:24:44','true',NULL),(185,1,29,'Hello!, Kateregga Benson.&lt;/br&gt; Your Item Named Canon lens 50 mm with description &quot;Both Full frame and Crop sensor&quot; has been hired by someone for 1 day(s) on 15/05/2019 please delver the equipment on time.','sanigetmultimedia@gmail.com','katsbenson@gmail.com','2019-05-15 11:18:35','true',NULL),(186,1,10,'Hello!, Get Gear.&lt;/br&gt; Your Item Named Sony EX3 with description &quot;2 Batteries, Charger and 64GB card&quot; has been hired by someone for 3 day(s) on 17/5/2019 please delver the equipment on time.','sanigetmultimedia@gmail.com','sanigetmultimedia@gmail.com','2019-05-15 15:31:32','true',NULL),(187,1,30,'Welcome to Get Gear, You are free to contact me from here in case of anything','sanigetmultimedia@gmail.com','agnas.jafar@gmail.com','2019-05-15 17:16:38','true',NULL),(188,1,10,'Hello thanks for choosing Get Gear','sanigetmultimedia@gmail.com','sanigetmultimedia@gmail.com','2019-05-15 18:12:12','true',NULL),(189,1,15,'Welcome to Get Gear, You are free to contact me from here in case of anything','sanigetmultimedia@gmail.com','','2019-05-15 20:21:11','true',NULL),(190,1,10,'Hello!, Get Gear.&lt;/br&gt; Your Item Named Yongnuo LED Video Light with description &quot;Yongnuo-YN 300-led-light for Camera&quot; has been hired by someone for 1 day(s) on 18/05/2019 please delver the equipment on time.','sanigetmultimedia@gmail.com','sanigetmultimedia@gmail.com','2019-05-16 14:41:29','true',NULL),(191,1,31,'Welcome to Get Gear, You are free to contact me from here in case of anything','sanigetmultimedia@gmail.com','MMQYKTJFFIWLRAGIGYG62JMSBQ-00@cloudtestlabaccounts.com','2019-05-16 19:11:27',NULL,NULL),(192,1,32,'Welcome to Get Gear, You are free to contact me from here in case of anything','sanigetmultimedia@gmail.com','MMQYKTJFFIWLRAGIGYG62JMSBQ-01@cloudtestlabaccounts.com','2019-05-16 19:12:07','true',NULL),(193,1,33,'Welcome to Get Gear, You are free to contact me from here in case of anything','sanigetmultimedia@gmail.com','MMQYKTJFFIWLRAGIGYG62JMSBQ-03@cloudtestlabaccounts.com','2019-05-16 19:14:34','true',NULL),(194,1,34,'Welcome to Get Gear, You are free to contact me from here in case of anything','sanigetmultimedia@gmail.com','MMQYKTJFFIWLRAGIGYG62JMSBQ-04@cloudtestlabaccounts.com','2019-05-16 19:23:33','true',NULL),(195,1,1,'Hello!, Wagaana Alex.&lt;/br&gt; Your Item Named Tripod stand with description &quot;Professional  stand&quot; has been hired by someone for 3 day(s) on 17/5/2019 please delver the equipment on time.','sanigetmultimedia@gmail.com','wagaanaa@gmail.com','2019-05-17 07:09:50','true',NULL),(196,1,1,'Hello!, Wagaana Alex.&lt;/br&gt; Your Item Named Tripod stand with description &quot;Professional  stand&quot; has been hired by someone for 1 day(s) on 21/5/2019 please delver the equipment on time.','sanigetmultimedia@gmail.com','wagaanaa@gmail.com','2019-05-17 07:57:07','true',NULL),(197,1,10,'Hello!, Get Gear.&lt;/br&gt; Your Item Named Godox TT600 speed light with description &quot;It works on all cameras\nUse Godox you won\'t regret&quot; has been hired by someone for 1 day(s) on 18/5/2019 please delver the equipment on time.','sanigetmultimedia@gmail.com','sanigetmultimedia@gmail.com','2019-05-17 09:46:42','true',NULL),(198,1,15,'Welcome to Get Gear, You are free to contact me from here in case of anything','sanigetmultimedia@gmail.com','','2019-05-17 18:00:36','true',NULL),(199,1,10,'Hello!, Get Gear.&lt;/br&gt; Your Item Named Godox TT600 speed light with description &quot;It works on all cameras\nUse Godox you won\'t regret&quot; has been hired by someone for 1 day(s) on 19/5/2019 please delver the equipment on time.','sanigetmultimedia@gmail.com','sanigetmultimedia@gmail.com','2019-05-18 04:41:45','true',NULL),(200,1,10,'Hello!, Get Gear.&lt;/br&gt; Your Item Named Neewer speed light with description &quot;It works on all cameras&quot; has been hired by someone for 2 day(s) on 18/5/2019 please delver the equipment on time.','sanigetmultimedia@gmail.com','sanigetmultimedia@gmail.com','2019-05-18 04:42:04','true',NULL),(201,1,10,'Hello!, Get Gear.&lt;/br&gt; Your Item Named Nikon D7000 with description &quot;Comes with 1 battery and 8GB SD card\n18-105 Lens&quot; has been hired by someone for 2 day(s) on 18/5/2019 please delver the equipment on time.','sanigetmultimedia@gmail.com','sanigetmultimedia@gmail.com','2019-05-18 04:42:20','true',NULL),(202,1,10,'Hello!, Get Gear.&lt;/br&gt; Your Item Named CF card 64 GB with description &quot;Book 2 days before&quot; has been hired by someone for 2 day(s) on 18/5/2019 please delver the equipment on time.','sanigetmultimedia@gmail.com','sanigetmultimedia@gmail.com','2019-05-18 04:42:35','true',NULL),(203,1,10,'Hello!, Get Gear.&lt;/br&gt; Your Item Named Phantom 4 with description &quot;It comes with Pilot\nBook 3 days before&quot; has been hired by someone for 2 day(s) on 18/5/2019 please delver the equipment on time.','sanigetmultimedia@gmail.com','sanigetmultimedia@gmail.com','2019-05-18 04:45:16','true',NULL),(204,1,10,'Hello!, Get Gear.&lt;/br&gt; Your Item Named Phantom 4 pro with description &quot;It comes with pilot\nBook 2 days before&quot; has been hired by someone for 2 day(s) on 18/5/2019 please delver the equipment on time.','sanigetmultimedia@gmail.com','sanigetmultimedia@gmail.com','2019-05-18 04:45:26','true',NULL),(205,1,10,'Hello!, Get Gear.&lt;/br&gt; Your Item Named Canon lens 50 mm with description &quot;Both Full frame and Crop sensor&quot; has been hired by someone for 2 day(s) on 18/5/2019 please delver the equipment on time.','sanigetmultimedia@gmail.com','sanigetmultimedia@gmail.com','2019-05-18 04:46:00','true',NULL),(206,1,10,'Hello!, Get Gear.&lt;/br&gt; Your Item Named Screen stand with description &quot;It can hold any Screen&quot; has been hired by someone for 1 day(s) on 19/5/2019 please delver the equipment on time.','sanigetmultimedia@gmail.com','sanigetmultimedia@gmail.com','2019-05-18 04:46:25','true',NULL),(207,1,35,'Welcome to Get Gear, You are free to contact me from here in case of anything','sanigetmultimedia@gmail.com','brians.indabi@gmail.com','2019-05-18 04:48:37','true',NULL),(208,1,21,'Halo','phillipmwesige@gmail.com','sanigetmultimedia@gmail.com','2019-05-18 06:00:18','true',NULL),(209,1,21,'Halo','phillipmwesige@gmail.com','sanigetmultimedia@gmail.com','2019-05-18 06:00:19','true',NULL),(210,1,21,'Saniget plz the light is to wk tomrw thx','phillipmwesige@gmail.com','sanigetmultimedia@gmail.com','2019-05-18 06:00:49','true',NULL),(211,1,21,'Saniget plz the light will wk tomrw','phillipmwesige@gmail.com','sanigetmultimedia@gmail.com','2019-05-18 06:01:42','true',NULL),(212,1,21,'okay','sanigetmultimedia@gmail.com','phillipmwesige@gmail.com','2019-05-18 06:03:23','true',NULL),(213,1,21,'okay I have heard','sanigetmultimedia@gmail.com','phillipmwesige@gmail.com','2019-05-18 06:04:50','true',NULL),(214,1,21,'okay I have heard','sanigetmultimedia@gmail.com','phillipmwesige@gmail.com','2019-05-18 06:04:50','true',NULL),(215,1,21,'make it not available by booked','sanigetmultimedia@gmail.com','phillipmwesige@gmail.com','2019-05-18 06:06:42','true',NULL),(216,1,21,'the gear is in the way','sanigetmultimedia@gmail.com','phillipmwesige@gmail.com','2019-05-18 17:46:17','true',NULL),(217,1,21,'the gear is back','sanigetmultimedia@gmail.com','phillipmwesige@gmail.com','2019-05-18 19:54:51','true',NULL),(218,1,36,'Welcome to Get Gear, You are free to contact me from here in case of anything','sanigetmultimedia@gmail.com','getgearug@gmail.com','2019-05-18 20:06:15','true',NULL),(219,1,37,'Welcome to Get Gear, You are free to contact me from here in case of anything','sanigetmultimedia@gmail.com','abdumalik.ali83@gmail.com','2019-05-21 06:40:53','true',NULL),(220,1,10,'Hello!, Get Gear.&lt;/br&gt; Your Item Named Phantom 4 pro with description &quot;It comes with pilot\nBook 2 days before&quot; has been hired by someone for 3 day(s) on 24/5/2019 please delver the equipment on time.','sanigetmultimedia@gmail.com','sanigetmultimedia@gmail.com','2019-05-21 06:50:58','true',NULL),(221,1,10,'Hello!, Get Gear.&lt;/br&gt; Your Item Named Phantom 4 with description &quot;It comes with Pilot\nBook 3 days before&quot; has been hired by someone for 3 day(s) on 24/5/2019 please delver the equipment on time.','sanigetmultimedia@gmail.com','sanigetmultimedia@gmail.com','2019-05-21 06:51:13','true',NULL),(222,1,37,'There is unbooked drone please book now','sanigetmultimedia@gmail.com','abdumalik.ali83@gmail.com','2019-05-21 08:14:01','true',NULL),(223,1,38,'Welcome to Get Gear, You are free to contact me from here in case of anything','sanigetmultimedia@gmail.com','patrickwasswak@gmail.com','2019-05-21 09:07:00','true',NULL),(224,1,38,'Hello Get Gear ','patrickwasswak@gmail.com','sanigetmultimedia@gmail.com','2019-05-21 09:30:25','true',NULL),(225,1,15,'Welcome to Get Gear, You are free to contact me from here in case of anything','sanigetmultimedia@gmail.com','','2019-05-21 15:16:18','true',NULL),(226,1,10,'I need some Gear','sanigetmultimedia@gmail.com','sanigetmultimedia@gmail.com','2019-05-21 19:30:04','true',NULL),(227,1,10,'I need some Gear','sanigetmultimedia@gmail.com','sanigetmultimedia@gmail.com','2019-05-21 19:30:05','true',NULL),(228,1,10,'I need some Gear','sanigetmultimedia@gmail.com','sanigetmultimedia@gmail.com','2019-05-21 19:30:05','true',NULL),(229,1,10,'I need some Gear','sanigetmultimedia@gmail.com','sanigetmultimedia@gmail.com','2019-05-21 19:30:05','true',NULL),(230,1,10,'I need some Gear','sanigetmultimedia@gmail.com','sanigetmultimedia@gmail.com','2019-05-21 19:30:05','true',NULL),(231,1,10,'I need some Gear','sanigetmultimedia@gmail.com','sanigetmultimedia@gmail.com','2019-05-21 19:30:05','true',NULL),(232,1,35,'Book now and get discount','sanigetmultimedia@gmail.com','brians.indabi@gmail.com','2019-05-21 19:37:09','true',NULL),(233,1,15,'Love Get Gear','','sanigetmultimedia@gmail.com','2019-05-21 19:38:13','true',NULL),(234,1,37,'Hello!, Abdumalik Ali.&lt;/br&gt; Your Item Named Phantom 4 Drone with description &quot;I comes with pilot\nBook 2 days before\nYou facilitate pilot&quot; has been hired by someone for 1 day(s) on 25/05/2019 please delver the equipment on time.','sanigetmultimedia@gmail.com','abdumalik.ali83@gmail.com','2019-05-22 06:39:03','true',NULL),(235,1,39,'Welcome to Get Gear, You are free to contact me from here in case of anything','sanigetmultimedia@gmail.com','deniscateis@gmail.com','2019-05-22 08:53:11','true',NULL),(236,1,40,'Welcome to Get Gear, You are free to contact me from here in case of anything','sanigetmultimedia@gmail.com','nakkazialisat@gmail.com','2019-05-22 14:13:19','true',NULL),(237,1,41,'Hello!, Get Gear.&lt;/br&gt; Your Item Named CF card 64 GB with description &quot;Book 2 days before&quot; has been hired by someone for 3 day(s) on 24/5/2019 please delver the equipment on time.','sanigetmultimedia@gmail.com','1','2019-05-22 17:34:13',NULL,NULL),(238,1,41,'Hello!, Get Gear.&lt;/br&gt; Your Item Named Canon 6D with description &quot;3 Batteries, 64GB card and Charger\nIt has 24-105mm lens&quot; has been hired by someone for 3 day(s) on 24/5/2019 please delver the equipment on time.','sanigetmultimedia@gmail.com','1','2019-05-22 17:34:49',NULL,NULL),(239,1,41,'Hello!, Get Gear.&lt;/br&gt; Your Item Named Canon 5D Mark iii with description &quot;3 batteries, 64GB card and lens 24-105mm&quot; has been hired by someone for 1 day(s) on 24/5/2019 please delver the equipment on time.','sanigetmultimedia@gmail.com','1','2019-05-22 17:35:00',NULL,NULL),(240,1,41,'Hello!, Get Gear.&lt;/br&gt; Your Item Named Canon 5D Mark iii with description &quot;3 batteries, 64GB card and lens 24-105mm&quot; has been hired by someone for 2 day(s) on 25/5/2019 please delver the equipment on time.','sanigetmultimedia@gmail.com','1','2019-05-22 17:35:09',NULL,NULL),(241,1,41,'Hello!, Get Gear.&lt;/br&gt; Your Item Named Canon 5D Mark iii with description &quot;3 batteries, 64GB card and lens 24-105mm&quot; has been hired by someone for 2 day(s) on 25/5/2019 please delver the equipment on time.','sanigetmultimedia@gmail.com','1','2019-05-22 17:35:09',NULL,NULL),(242,1,41,'Hello!, Get Gear.&lt;/br&gt; Your Item Named Sony EX3 with description &quot;2 Batteries, Charger and 64GB card&quot; has been hired by someone for 4 day(s) on 23/5/2019 please delver the equipment on time.','sanigetmultimedia@gmail.com','1','2019-05-22 17:37:03',NULL,NULL),(243,1,41,'Hello!, Kateregga Benson.&lt;/br&gt; Your Item Named Canon lens 50 mm with description &quot;Both Full frame and Crop sensor&quot; has been hired by someone for 1 day(s) on 23/05/2019 please delver the equipment on time.','sanigetmultimedia@gmail.com','1','2019-05-23 10:12:35',NULL,NULL),(244,1,15,'Welcome to Get Gear, You are free to contact me from here in case of anything','sanigetmultimedia@gmail.com','','2019-05-23 13:19:35','true',NULL),(245,1,42,'Welcome to Get Gear, You are free to contact me from here in case of anything','sanigetmultimedia@gmail.com','kasawulidavid@gmail.com','2019-05-23 16:11:43','true',NULL),(246,1,15,'Welcome to Get Gear, You are free to contact me from here in case of anything','sanigetmultimedia@gmail.com','','2019-05-24 17:33:55','true',NULL),(247,1,15,'Welcome to Get Gear, You are free to contact me from here in case of anything','sanigetmultimedia@gmail.com','','2019-05-25 04:54:20','true',NULL),(248,1,15,'Welcome to Get Gear, You are free to contact me from here in case of anything','sanigetmultimedia@gmail.com','','2019-05-25 06:10:35','true',NULL),(249,1,15,'Welcome to Get Gear, You are free to contact me from here in case of anything','sanigetmultimedia@gmail.com','','2019-05-25 08:33:49','true',NULL),(250,1,43,'Hello!, credo. Your Item Named Tripod stand with description &quot;Professional  stand&quot; has been hired by someone for 2 day(s) on 25/5/2019 please delver the equipment on time.','sanigetmultimedia@gmail.com','2','2019-05-25 11:42:38',NULL,NULL),(251,1,3,'Welcome to Get Gear, You are free to contact me from here in case of anything','sanigetmultimedia@gmail.com','waglexinc@gmail.com','2019-05-25 11:46:14','true',NULL),(252,1,3,'test the payment notification','waglexinc@gmail.com','sanigetmultimedia@gmail.com','2019-05-25 11:48:46','true',NULL),(253,1,3,'okay let me get a client','sanigetmultimedia@gmail.com','waglexinc@gmail.com','2019-05-25 13:31:02','true',NULL),(254,1,20,'Ky','king.junioroff@gmail.com','sanigetmultimedia@gmail.com','2019-05-26 10:58:25','true',NULL),(255,1,20,'Ky','king.junioroff@gmail.com','sanigetmultimedia@gmail.com','2019-05-26 10:58:28','true',NULL),(256,1,20,'hello ','sanigetmultimedia@gmail.com','king.junioroff@gmail.com','2019-05-26 12:29:30',NULL,NULL),(257,1,41,'Hello!, credo. Your Item Named Canon lens 50mm with description &quot;Canon lens 50mm 1.8 Aparture\nBoth Full frame and Crop Sensor&quot; has been hired by someone for 1 day(s) on 01/06/2019 please delver the equipment on time.','sanigetmultimedia@gmail.com','1','2019-05-27 12:21:58',NULL,NULL),(258,1,41,'Hello!, credo. Your Item Named Canon lens 50mm with description &quot;Canon lens 50mm 1.8 Aparture\nBoth Full frame and Crop Sensor&quot; has been hired by someone for 1 day(s) on 02/06/2019 please delver the equipment on time.','sanigetmultimedia@gmail.com','1','2019-05-27 12:27:49',NULL,NULL),(259,1,15,'Welcome to Get Gear, You are free to contact me from here in case of anything','sanigetmultimedia@gmail.com','','2019-05-27 12:30:32',NULL,NULL),(260,1,15,'Welcome to Get Gear, You are free to contact me from here in case of anything','sanigetmultimedia@gmail.com','','2019-05-27 18:17:14',NULL,NULL),(261,1,15,'Welcome to Get Gear, You are free to contact me from here in case of anything','sanigetmultimedia@gmail.com','','2019-05-28 06:58:20',NULL,NULL),(262,1,15,'Welcome to Get Gear, You are free to contact me from here in case of anything','sanigetmultimedia@gmail.com','','2019-05-28 10:04:08',NULL,NULL),(263,1,15,'Welcome to Get Gear, You are free to contact me from here in case of anything','sanigetmultimedia@gmail.com','','2019-05-28 10:29:45',NULL,NULL),(264,1,15,'Welcome to Get Gear, You are free to contact me from here in case of anything','sanigetmultimedia@gmail.com','','2019-05-28 13:55:56',NULL,NULL),(265,1,44,'Welcome to Get Gear, You are free to contact me from here in case of anything','sanigetmultimedia@gmail.com','johnochwo44@gmail.com','2019-05-28 15:44:18','true',NULL),(266,1,41,'Hello!, credo. Your Item Named Phantom 4 pro with description &quot;It comes with pilot\nBook 2 days before&quot; has been hired by someone for 2 day(s) on 01/06/2019 please delver the equipment on time.','sanigetmultimedia@gmail.com','1','2019-05-28 16:27:07',NULL,NULL),(267,1,2,'Hello!, Arthur Mark. Your order for Phantom 4 pro with description &quot;It comes with pilot\nBook 2 days before&quot; has been placed for 2 day(s) on 01/06/2019 please pick the equipment on time.','sanigetmultimedia@gmail.com','arthursembatya2016@gmail.com','2019-05-28 16:27:07','true',NULL),(268,1,15,'Welcome to Get Gear, You are free to contact me from here in case of anything','sanigetmultimedia@gmail.com','','2019-05-28 18:52:58',NULL,NULL),(269,1,15,'Welcome to Get Gear, You are free to contact me from here in case of anything','sanigetmultimedia@gmail.com','','2019-05-28 21:19:41',NULL,NULL),(270,1,41,'Hello!, credo. Your Item Named CF card 64 GB with description &quot;Book 2 days before&quot; has been hired by someone for 3 day(s) on 31/5/2019 please delver the equipment on time.','sanigetmultimedia@gmail.com','1','2019-05-29 03:59:42',NULL,NULL),(271,1,10,'Hello!, Get Gear. Your order for CF card 64 GB with description &quot;Book 2 days before&quot; has been placed for 3 day(s) on 31/5/2019 please pick the equipment on time.','sanigetmultimedia@gmail.com','sanigetmultimedia@gmail.com','2019-05-29 03:59:42','true',NULL),(272,1,15,'Welcome to Get Gear, You are free to contact me from here in case of anything','sanigetmultimedia@gmail.com','','2019-05-29 07:06:23',NULL,NULL),(273,1,41,'Hello!, credo. Your Item Named Neewer speed light with description &quot;It works on all cameras&quot; has been hired by someone for 3 day(s) on 29/05/2019 please delver the equipment on time.','sanigetmultimedia@gmail.com','1','2019-05-29 07:40:33',NULL,NULL),(274,1,44,'Hello!, John Ochwo. Your order for Neewer speed light with description &quot;It works on all cameras&quot; has been placed for 3 day(s) on 29/05/2019 please pick the equipment on time.','sanigetmultimedia@gmail.com','johnochwo44@gmail.com','2019-05-29 07:40:33','true',NULL),(275,1,45,'Hello!, credo. Your Item Named Yongnuo LED Video Light with description &quot;Yongnuo-YN 300-led-light for Camera&quot; has been hired by someone for 1 day(s) on 1/6/2019 please delver the equipment on time.','sanigetmultimedia@gmail.com','24','2019-05-30 09:12:48',NULL,NULL),(276,1,21,'Hello!, Mwesige Phillip. Your order for Yongnuo LED Video Light with description &quot;Yongnuo-YN 300-led-light for Camera&quot; has been placed for 1 day(s) on 1/6/2019 please pick the equipment on time.','sanigetmultimedia@gmail.com','phillipmwesige@gmail.com','2019-05-30 09:12:48','true',NULL),(277,1,15,'Welcome to Get Gear, You are free to contact me from here in case of anything','sanigetmultimedia@gmail.com','','2019-05-30 17:54:40',NULL,NULL),(278,1,46,'Welcome to Get Gear, You are free to contact me from here in case of anything','sanigetmultimedia@gmail.com','brianlutaaya19@gmail.com','2019-05-30 18:21:14','true',NULL),(279,1,15,'Welcome to Get Gear, You are free to contact me from here in case of anything','sanigetmultimedia@gmail.com','','2019-05-30 19:18:05',NULL,NULL),(280,1,41,'Hello!, credo. Your Item Named Canon 5D Mark iii with description &quot;3 batteries, 64GB card and lens 24-105mm&quot; has been hired by someone for 3 day(s) on 31/5/2019 please delver the equipment on time.','sanigetmultimedia@gmail.com','1','2019-05-31 03:58:59',NULL,NULL),(281,1,10,'Hello!, Get Gear. Your order for Canon 5D Mark iii with description &quot;3 batteries, 64GB card and lens 24-105mm&quot; has been placed for 3 day(s) on 31/5/2019 please pick the equipment on time.','sanigetmultimedia@gmail.com','sanigetmultimedia@gmail.com','2019-05-31 03:58:59','true',NULL),(282,1,46,'Good morning sir','sanigetmultimedia@gmail.com','brianlutaaya19@gmail.com','2019-05-31 03:59:47','true',NULL),(283,1,15,'Welcome to Get Gear, You are free to contact me from here in case of anything','sanigetmultimedia@gmail.com','','2019-05-31 04:37:40',NULL,NULL),(284,1,47,'Hello!, credo. Your Item Named Phantom 4 Drone with description &quot;I comes with pilot\nBook 2 days before\nYou facilitate pilot&quot; has been hired by someone for 1 day(s) on 30/6/2019 please delver the equipment on time.','sanigetmultimedia@gmail.com','14','2019-05-31 05:55:33',NULL,NULL),(285,1,14,'Hello!, King Prezle. Your order for Phantom 4 Drone with description &quot;I comes with pilot\nBook 2 days before\nYou facilitate pilot&quot; has been placed for 1 day(s) on 30/6/2019 please pick the equipment on time.','sanigetmultimedia@gmail.com','kingprezle@gmail.com','2019-05-31 05:55:34','true',NULL),(286,1,15,'Welcome to Get Gear, You are free to contact me from here in case of anything','sanigetmultimedia@gmail.com','','2019-05-31 08:18:08',NULL,NULL),(287,1,15,'Welcome to Get Gear, You are free to contact me from here in case of anything','sanigetmultimedia@gmail.com','','2019-05-31 13:40:55',NULL,NULL),(288,1,15,'Welcome to Get Gear, You are free to contact me from here in case of anything','sanigetmultimedia@gmail.com','','2019-05-31 14:03:22',NULL,NULL),(289,1,48,'Welcome to Get Gear, You are free to contact me from here in case of anything','sanigetmultimedia@gmail.com','oscark614@gmail.com','2019-05-31 16:22:43','true',NULL),(290,1,48,'Good evening!\nI have a few questions.\nWhen booking do I have to pay some money? If yes.\nHow sure am I that I will get the equipment? (Have had an issue before but not with Get Gear though). ','oscark614@gmail.com','sanigetmultimedia@gmail.com','2019-05-31 16:37:45','true',NULL),(291,1,15,'Welcome to Get Gear, You are free to contact me from here in case of anything','sanigetmultimedia@gmail.com','','2019-05-31 20:19:18',NULL,NULL),(292,1,15,'Welcome to Get Gear, You are free to contact me from here in case of anything','sanigetmultimedia@gmail.com','','2019-05-31 21:02:19',NULL,NULL),(293,1,49,'Welcome to Get Gear, You are free to contact me from here in case of anything','sanigetmultimedia@gmail.com','godfreyk160@gmail.com','2019-06-01 07:02:09','true',NULL),(294,1,50,'Welcome to Get Gear, You are free to contact me from here in case of anything','sanigetmultimedia@gmail.com','dukujames41@gmail.com','2019-06-01 18:58:36','true',NULL),(295,1,15,'Welcome to Get Gear, You are free to contact me from here in case of anything','sanigetmultimedia@gmail.com','','2019-06-02 11:42:26',NULL,NULL);
/*!40000 ALTER TABLE `messages` ENABLE KEYS */;
UNLOCK TABLES;

--
-- Table structure for table `notifications`
--

DROP TABLE IF EXISTS `notifications`;
/*!40101 SET @saved_cs_client     = @@character_set_client */;
/*!40101 SET character_set_client = utf8 */;
CREATE TABLE `notifications` (
  `id` int(11) NOT NULL AUTO_INCREMENT,
  `user_id` char(100) NOT NULL,
  `notification` text NOT NULL,
  `status` char(100) DEFAULT NULL,
  `time` timestamp NOT NULL DEFAULT CURRENT_TIMESTAMP,
  PRIMARY KEY (`id`)
) ENGINE=InnoDB AUTO_INCREMENT=21 DEFAULT CHARSET=latin1;
/*!40101 SET character_set_client = @saved_cs_client */;

--
-- Dumping data for table `notifications`
--

LOCK TABLES `notifications` WRITE;
/*!40000 ALTER TABLE `notifications` DISABLE KEYS */;
INSERT INTO `notifications` VALUES (1,'1','You have added Laptop 50,000 to cart, please pay for this gear in time before someone else takes it, thank you.','seen','2019-04-27 10:24:27'),(2,'1','You have added Canon 5d mark iii to cart, please pay for this gear in time before someone else takes it, thank you.','seen','2019-04-27 10:24:45'),(3,'1','You have added Phantom 4 pro to cart, please pay for this gear in time before someone else takes it, thank you.','seen','2019-04-29 09:33:06'),(4,'1','You have added Tripod stand to cart, please pay for this gear in time before someone else takes it, thank you.','seen','2019-04-29 09:33:26'),(5,'1','You have added Phantom 4 pro to cart, please pay for this gear in time before someone else takes it, thank you.','seen','2019-04-30 09:17:30'),(6,'1','You have added Canon lens 50 mm to cart, please pay for this gear in time before someone else takes it, thank you.','seen','2019-04-30 09:17:51'),(7,'11','You have added Canon 5d mark iii to cart, please pay for this gear in time before someone else takes it, thank you.','seen','2019-04-30 16:15:15'),(8,'2','You have added Nikon D7200 to cart, please pay for this gear in time before someone else takes it, thank you.','seen','2019-04-30 23:38:11'),(9,'2','You have added Godox TT600 speed light to cart, please pay for this gear in time before someone else takes it, thank you.','seen','2019-05-02 07:41:30'),(10,'1','You have added Godox TT600 speed light to cart, please pay for this gear in time before someone else takes it, thank you.','seen','2019-05-03 06:34:11'),(11,'1','You have added Phantom 4 pro to cart, please pay for this gear in time before someone else takes it, thank you.','seen','2019-05-03 06:34:22'),(12,'1','You have added Godox TT600 speed light to cart, please pay for this gear in time before someone else takes it, thank you.','seen','2019-05-03 08:16:10'),(13,'10','You have added Laptop 50,000 to cart, please pay for this gear in time before someone else takes it, thank you.',NULL,'2019-05-03 17:48:20'),(14,'2','You have added SD card 64 GB to cart, please pay for this gear in time before someone else takes it, thank you.','seen','2019-05-04 10:44:02'),(15,'2','You have added Canon 5D Mark iii to cart, please pay for this gear in time before someone else takes it, thank you.','seen','2019-05-06 15:00:18'),(16,'2','You have added Sound recorder to cart, please pay for this gear in time before someone else takes it, thank you.','seen','2019-05-11 17:10:18'),(17,'1','You have added Canon lens 50 mm to cart, please pay for this gear in time before someone else takes it, thank you.','seen','2019-05-24 12:41:14'),(18,'1','You have added Tripod stand to cart, please pay for this gear in time before someone else takes it, thank you.','seen','2019-05-24 12:41:27'),(19,'38','You have added Dji Mavic air drone to cart, please pay for this gear in time before someone else takes it, thank you.',NULL,'2019-05-27 09:24:43'),(20,'66','You have added Canon 5D Mark iii to cart, please pay for this gear in time before someone else takes it, thank you.',NULL,'2019-05-28 21:27:07');
/*!40000 ALTER TABLE `notifications` ENABLE KEYS */;
UNLOCK TABLES;

--
-- Table structure for table `payments`
--

DROP TABLE IF EXISTS `payments`;
/*!40101 SET @saved_cs_client     = @@character_set_client */;
/*!40101 SET character_set_client = utf8 */;
CREATE TABLE `payments` (
  `id` int(11) NOT NULL AUTO_INCREMENT,
  `amount_paid` char(100) NOT NULL,
  `item_id` char(100) NOT NULL,
  `user_id` char(100) NOT NULL,
  `date_required` char(100) NOT NULL,
  `days_needed` char(100) NOT NULL,
  `time` timestamp NOT NULL DEFAULT CURRENT_TIMESTAMP,
  `deliveryFee` char(100) NOT NULL,
  PRIMARY KEY (`id`)
) ENGINE=InnoDB AUTO_INCREMENT=63 DEFAULT CHARSET=latin1;
/*!40101 SET character_set_client = @saved_cs_client */;

--
-- Dumping data for table `payments`
--

LOCK TABLES `payments` WRITE;
/*!40000 ALTER TABLE `payments` DISABLE KEYS */;
INSERT INTO `payments` VALUES (1,'0.2','11','1','28/3/2019','1','2019-04-27 12:08:06',''),(2,'0.2','11','1','29/3/2019','1','2019-04-28 06:18:20',''),(3,'0.2','11','2','30/3/2019','1','2019-04-28 09:38:57',''),(4,'0.2','11','2','01/4/2019','1','2019-04-28 09:39:31',''),(5,'0.2','11','1','30/4/2019','1','2019-04-28 10:07:43',''),(6,'0.2','15','1','30/3/2019','1','2019-04-29 16:19:16',''),(7,'0.2','6','1','6/4/2019','1','2019-05-04 08:18:57',''),(8,'0.0','20','1','6/4/2019','1','2019-05-05 20:20:29',''),(9,'0.0','6','2','7/4/2019','1','2019-05-05 21:42:51',''),(10,'0.0','6','2','8/4/2019','1','2019-05-05 22:23:47',''),(11,'0.0','6','2','9/4/2019','1','2019-05-05 22:25:25',''),(12,'0.0','20','1','7/4/2019','1','2019-05-06 04:12:17',''),(13,'0.0','8','1','7/4/2019','1','2019-05-06 06:38:40',''),(14,'0.0','20','1','11/4/2019','1','2019-05-09 07:27:33',''),(15,'0.0','27','28','11/4/2019','1','2019-05-10 13:08:44',''),(16,'20000','8','4','28/05/2019','1','2019-05-11 14:42:51',''),(17,'20000','7','1','11/05/2019','1','2019-05-11 17:30:57',''),(18,'0.0','24','1','17/5/2019','1','2019-05-15 06:23:08',''),(19,'0.0','24','1','18/5/2019','1','2019-05-15 06:23:22',''),(20,'0.0','24','1','19/5/2019','1','2019-05-15 06:23:41',''),(21,'0.0','23','1','17/5/2019','1','2019-05-15 06:24:18',''),(22,'0.0','23','1','18/5/2019','1','2019-05-15 06:24:32',''),(23,'0.0','23','1','19/5/2019','1','2019-05-15 06:24:44',''),(24,'10000','3','30','15/05/2019','1','2019-05-15 11:18:35',''),(25,'0.0','22','1','17/5/2019','3','2019-05-15 15:31:32',''),(26,'20000','28','1','18/05/2019','1','2019-05-16 14:41:29',''),(27,'0.0','6','2','17/5/2019','3','2019-05-17 07:09:50',''),(28,'0.0','6','2','21/5/2019','1','2019-05-17 07:57:07',''),(29,'0.0','19','1','18/5/2019','1','2019-05-17 09:46:42',''),(30,'0.0','19','1','19/5/2019','1','2019-05-18 04:41:45',''),(31,'0.0','18','1','18/5/2019','2','2019-05-18 04:42:04',''),(32,'0.0','17','1','18/5/2019','2','2019-05-18 04:42:20',''),(33,'0.0','8','1','18/5/2019','2','2019-05-18 04:42:35',''),(34,'0.0','5','1','18/5/2019','2','2019-05-18 04:45:16',''),(35,'0.0','4','1','18/5/2019','2','2019-05-18 04:45:26',''),(36,'0.0','3','1','18/5/2019','2','2019-05-18 04:46:00',''),(37,'0.0','26','1','19/5/2019','1','2019-05-18 04:46:25',''),(38,'0.0','4','1','24/5/2019','3','2019-05-21 06:50:58',''),(39,'0.0','5','1','24/5/2019','3','2019-05-21 06:51:13',''),(40,'250000','30','46','25/05/2019','1','2019-05-22 06:39:03',''),(41,'0.0','8','1','24/5/2019','3','2019-05-22 17:34:13',''),(42,'0.0','23','1','24/5/2019','3','2019-05-22 17:34:49',''),(43,'0.0','24','1','24/5/2019','1','2019-05-22 17:35:00',''),(44,'0.0','24','1','25/5/2019','2','2019-05-22 17:35:09',''),(45,'0.0','24','1','25/5/2019','2','2019-05-22 17:35:09',''),(46,'0.0','22','1','23/5/2019','4','2019-05-22 17:37:03',''),(47,'10000','3','30','23/05/2019','1','2019-05-23 10:12:35',''),(48,'0.0','28','24','25/5/2019','1','2019-05-23 16:31:43',''),(49,'0.0','17','1','25/5/2019','1','2019-05-24 07:22:39',''),(50,'0.0','18','1','25/5/2019','1','2019-05-24 09:26:33',''),(51,'0.0','3','1','25/5/2019','1','2019-05-24 12:45:44',''),(52,'0.0','19','1','25/5/2019','1','2019-05-24 15:50:43',''),(53,'10000','32','29','25/05/2019','1','2019-05-25 08:58:39',''),(54,'0.0','6','2','25/5/2019','2','2019-05-25 11:42:38',''),(55,'10000','32','44','01/06/2019','1','2019-05-27 12:21:58',''),(56,'10000','32','1','02/06/2019','1','2019-05-27 12:27:49',''),(57,'300000','4','3','01/06/2019','2','2019-05-28 16:27:07',''),(58,'0.0','8','1','31/5/2019','3','2019-05-29 03:59:42',''),(59,'20000','18','64','29/05/2019','3','2019-05-29 07:40:33',''),(60,'0.0','28','24','1/6/2019','1','2019-05-30 09:12:48',''),(61,'0.0','24','1','31/5/2019','3','2019-05-31 03:58:59',''),(62,'0.0','30','14','30/6/2019','1','2019-05-31 05:55:33','');
/*!40000 ALTER TABLE `payments` ENABLE KEYS */;
UNLOCK TABLES;

--
-- Table structure for table `ratting`
--

DROP TABLE IF EXISTS `ratting`;
/*!40101 SET @saved_cs_client     = @@character_set_client */;
/*!40101 SET character_set_client = utf8 */;
CREATE TABLE `ratting` (
  `id` int(11) NOT NULL AUTO_INCREMENT,
  `user_id` char(100) NOT NULL,
  `item_id` char(100) NOT NULL,
  `rate` char(100) NOT NULL,
  `time` timestamp NOT NULL DEFAULT CURRENT_TIMESTAMP,
  PRIMARY KEY (`id`)
) ENGINE=InnoDB AUTO_INCREMENT=13 DEFAULT CHARSET=latin1;
/*!40101 SET character_set_client = @saved_cs_client */;

--
-- Dumping data for table `ratting`
--

LOCK TABLES `ratting` WRITE;
/*!40000 ALTER TABLE `ratting` DISABLE KEYS */;
INSERT INTO `ratting` VALUES (1,'1','11','5.0','2019-04-28 10:09:09'),(2,'1','11','3.0','2019-04-30 05:47:55'),(3,'1','11','5.0','2019-04-30 05:48:24'),(4,'1','15','5.0','2019-05-02 12:37:36'),(5,'1','15','3.0','2019-05-02 15:39:32'),(6,'1','8','1.0','2019-05-06 06:44:03'),(7,'1','8','1.0','2019-05-06 06:44:05'),(8,'1','22','5.0','2019-05-15 15:35:27'),(9,'2','6','5.0','2019-05-16 01:49:27'),(10,'2','6','5.0','2019-05-22 12:21:36'),(11,'30','3','4.0','2019-05-24 12:35:08'),(12,'44','32','4.0','2019-06-02 06:47:08');
/*!40000 ALTER TABLE `ratting` ENABLE KEYS */;
UNLOCK TABLES;

--
-- Table structure for table `users`
--

DROP TABLE IF EXISTS `users`;
/*!40101 SET @saved_cs_client     = @@character_set_client */;
/*!40101 SET character_set_client = utf8 */;
CREATE TABLE `users` (
  `userid` int(11) NOT NULL AUTO_INCREMENT,
  `userName` char(100) NOT NULL,
  `full_name` char(100) NOT NULL,
  `email` char(100) DEFAULT NULL,
  `phone` char(100) DEFAULT NULL,
  `sex` char(100) DEFAULT NULL,
  `prevlage` char(100) DEFAULT NULL,
  `password` char(100) NOT NULL,
  `avator` text,
  `nationality` varchar(100) DEFAULT NULL,
  `nin` varchar(100) DEFAULT NULL,
  `birthday` varchar(100) DEFAULT NULL,
  `time` timestamp NOT NULL DEFAULT CURRENT_TIMESTAMP,
  PRIMARY KEY (`userid`)
) ENGINE=InnoDB AUTO_INCREMENT=81 DEFAULT CHARSET=latin1;
/*!40101 SET character_set_client = @saved_cs_client */;

--
-- Dumping data for table `users`
--

LOCK TABLES `users` WRITE;
/*!40000 ALTER TABLE `users` DISABLE KEYS */;
INSERT INTO `users` VALUES (1,'sanigetmultimedia@gmail.com','Get Gear','sanigetmultimedia@gmail.com','0700768312','male','Admin','21232f297a57a5a743894a0e4a801fc3','sanigetmultimedia@gmail.com_1557299223541.png',NULL,NULL,'29/8/2019','2019-04-26 13:21:05'),(2,'wagaanaa@gmail.com','Wagaana Alex','wagaanaa@gmail.com',' 256784801301','male','User','bbd0b4c0bcfc6ee40a5c14efdad3f269','wagaanaa@gmail.com_1556785159831.png',NULL,NULL,'4/12/1992','2019-04-26 13:51:08'),(3,'arthursembatya2016@gmail.com','Arthur Mark','arthursembatya2016@gmail.com','0756548313','male','User','c3b9361638feb5c4445e37dcabdcb1d9','arthursembatya2016@gmail.com_1557128792138.png',NULL,NULL,'8/4/2019','2019-04-26 14:42:42'),(5,'georgecote184@gmail.com','george cote','georgecote184@gmail.com',NULL,NULL,'User','44742dc6eece50ff6ad9195f6a62f86a',NULL,NULL,NULL,NULL,'2019-04-27 16:51:14'),(6,'nalweyisow6@gmail.com','nalweyisow6@gmail.com','nalweyisow6@gmail.com',NULL,NULL,'User','fe952bdc06b5a58b47436bb4276169b3',NULL,NULL,NULL,NULL,'2019-04-27 20:48:47'),(7,'nicjassy@gmail.com','nic jassy','nicjassy@gmail.com',NULL,NULL,'User','ad52c8b444ccea66d6b5baadf9277506',NULL,NULL,NULL,NULL,'2019-04-28 08:10:09'),(8,'okiria3017@gmail.com','Abram Okiria','okiria3017@gmail.com',NULL,NULL,'User','c40d6cec895fd05d7fc0e3db9cd6cc48',NULL,NULL,NULL,NULL,'2019-04-28 08:39:37'),(9,'bninsiima13@gmail.com','ninsiima bella','bninsiima13@gmail.com',NULL,NULL,'User','20f3f5762b0479b08ec7cb386e7b152c',NULL,NULL,NULL,NULL,'2019-04-28 09:06:08'),(10,'kayfrex@gmail.com','kayongo fred','kayfrex@gmail.com','0754707418','male','User','d4c185f35677f4cbe69b952dd64a5441',NULL,NULL,NULL,'24/7/2019','2019-04-28 09:45:40'),(11,'lydiassn@gmail.com','Lydia Ssanyu','lydiassn@gmail.com',NULL,NULL,'User','bf14953cf2f6e675df90ad0a17e22900',NULL,NULL,NULL,NULL,'2019-04-30 16:13:58'),(12,'hatimmustapha9@gmail.com','hatim mustaphaa','hatimmustapha9@gmail.com',NULL,NULL,'User','eccd7f8d56aebd04a52482c7bb47e886',NULL,NULL,NULL,NULL,'2019-04-30 16:27:18'),(13,'dextasan@gmail.com','dexta King asan','dextasan@gmail.com','0701260753','male','User','a0fa85879f6d49e23e16595dcdfa3b29',NULL,NULL,NULL,'19/5/1991','2019-04-30 16:27:46'),(14,'kingprezle@gmail.com','King Prezle','kingprezle@gmail.com',' 256757933464','male','User','5f2a647d8f9a78381607e16894f46596','kingprezle@gmail.com_1558594565528.png',NULL,NULL,'13/8/1993','2019-05-01 08:31:18'),(15,' 256700768312','KIBUULE SANON','sanigetmultimedia@gmail.com',' 256700768312','male','User','9fcc0d8a90b8b93f6e5df4858580cf25','null_1556732416284.png',NULL,NULL,'28/8/2019','2019-05-01 17:40:28'),(16,'kiragajovan@gmail.com','kiraga jovan','kiragajovan@gmail.com',NULL,NULL,'User','02b6b16f6a41bc9c69c28ae019cdbe3c','kiragajovan@gmail.com_1556974780802.png',NULL,NULL,NULL,'2019-05-02 15:36:14'),(17,'textsmukasa@gmail.com','mukasa benard','textsmukasa@gmail.com','0753549500','male','User','13a205029cd216801711f2bdc0af670a',NULL,NULL,NULL,'22/5/1975','2019-05-04 12:31:25'),(18,'kasujjafaizo@gmail.com','KASUJJA FAIZO','kasujjafaizo@gmail.com','0750602896','male','User','23b0eca31d72ddba26cdb30932a5cc5f','kasujjafaizo@gmail.com_1556980075816.png',NULL,NULL,'31/4/2019','2019-05-04 14:26:00'),(19,' 2560702637540','lukabwe Joseph','mubirujosh@yahoo..com',' 2560702637540','male','User','6e7cece02aab4c7714f13dcbdea0f85a','user.png',NULL,NULL,'2/4/2019','2019-05-04 23:32:44'),(20,'alexisdesignershanje3@gmail.com','Epher Media- Uganda','alexisdesignershanje3@gmail.com','0758324157','male','User','25e58d2a6987dc9d6d5242733c280439','alexisdesignershanje3@gmail.com_1557040756945.png',NULL,NULL,'16/3/1994','2019-05-05 07:18:13'),(21,'king.junioroff@gmail.com','King Junior','king.junioroff@gmail.com','0781376276','male','User','d522a1b23472fc031d47a6bb0aa26f92','king.junioroff@gmail.com_1557160660391.png',NULL,NULL,'6/4/2019','2019-05-06 15:41:41'),(22,' 256704942699','Kasule davif','davidjoseohkasule123@gmail.com',' 256704942699','male','User','a3ae5ebcd11a612f9d7c9e7b1f7721e4','user.png',NULL,NULL,'5/8/1995','2019-05-07 11:28:22'),(23,' 256701196252','Ssesanga Hassan','lyn1414.shl@gmail.com',' 256701196252','male','User','f3d45f560ab2feca00884305b9d20f63',' 256701196252_1557254398515.png',NULL,NULL,'7/10/1992','2019-05-07 18:34:29'),(24,'phillipmwesige@gmail.com','Mwesige Phillip','phillipmwesige@gmail.com','0757715337','male','User','4decb0dae2eb200b379fd608b8f9b755',NULL,NULL,NULL,'11/11/1996','2019-05-08 05:11:08'),(25,'sstanley.net@gmail.com','Sunna Stanley','sstanley.net@gmail.com','0704695488','male','User','990ae7ef696cf8e2b12a52c36831756b',NULL,NULL,NULL,'20/7/1995','2019-05-08 06:19:11'),(26,'muliisachris@gmail.com','new ark events ug','muliisachris@gmail.com','0753341718','male','User','22929f4c6feab91de4b349ddda878f95',NULL,NULL,NULL,'25/11/1993','2019-05-08 09:52:34'),(27,'shnurban@gmail.com','Shan Urban','shnurban@gmail.com','0705950676','male','User','85acf418aaa5f6072aca6cb48d414e6b',NULL,NULL,NULL,'17/4/1996','2019-05-09 09:08:34'),(28,'hindi666hanood@gmail.com','Hadijjah Nalukwago','hindi666hanood@gmail.com','0700968926','male','User','04a4ea9198bd64eb10049efdbcbfef36',NULL,NULL,NULL,'10/4/1994','2019-05-10 12:27:46'),(29,'abahojoshua002@gmail.com','Abaho Joshua','abahojoshua002@gmail.com',NULL,NULL,'User','ca1be75371899d4d7f03271cd5967552',NULL,NULL,NULL,NULL,'2019-05-10 16:23:14'),(30,' 256759405527','Kateregga Benson','katsbenson@gmail.com',' 256759405527','male','User','bd5dbc38038c6d507a16ba53f8cdc50b','user.png',NULL,NULL,'9/3/1993','2019-05-11 09:32:00'),(31,' 2560754707418','credo','',' 2560754707418','male','User','ef5fc5df29fdfaed148577d1b15b8257','user.png',NULL,NULL,'12/6/2019','2019-05-12 17:00:19'),(32,'kitandwem@gmail.com','Micheal Kitandwe','kitandwem@gmail.com',' 27736610322','male','User','f608da6b11f9e37d3b6153b99dbfd269',NULL,NULL,NULL,'31/10/2004','2019-05-13 19:32:43'),(33,' 256706386884','nic jassy','maccpics@gmail.com',' 256706386884','male','User','db24003abadac3b5cc7a889568ee3c96','user.png',NULL,NULL,'14/4/2019','2019-05-14 05:42:06'),(34,' 256705461657','Possible','suunapossible46@gmail.com',' 256705461657','male','User','73881d1e8cf7489bde6e091806fa296a','user.png',NULL,NULL,'6/2/2008','2019-05-14 07:45:51'),(35,'kiyingidavid.davk@gmail.com','David Kiyingi','kiyingidavid.davk@gmail.com','0702974190','male','User','f6ded50f90056866dfff9e26fc0fe4a1',NULL,NULL,NULL,'14/4/1993','2019-05-14 15:39:54'),(36,' 256751880944','Ssendagire Mahad','advancedmediacompany1@gmail.com',' 256751880944','male','User','4b1588b533a63d54116263e8ca794454',' 256751880944_1557852153796.png',NULL,NULL,'6/12/1997','2019-05-14 16:41:51'),(37,'agnas.jafar@gmail.com','agamosh creations','agnas.jafar@gmail.com','0758699209','male','User','d56caf2063636752318b7a74e10f8a06','agnas.jafar@gmail.com_1557940624156.png',NULL,NULL,'1/2/1992','2019-05-15 17:16:38'),(38,' 256700794556','Sseninde Julius','',' 256700794556','male','User','357da271c1e9820da70c57cc94ccb744','user.png',NULL,NULL,'30/4/2013','2019-05-15 20:21:11'),(39,'MMQYKTJFFIWLRAGIGYG62JMSBQ-00@cloudtestlabaccounts.com','MMQYKTJFFIWLRAGIGYG62JMSBQ-00@cloudtestlabaccounts.com','5555555555','5555555555','male','User','b8378b35d611aa71a3c85fd572a8be77',NULL,NULL,NULL,'16/5/2019','2019-05-16 19:11:27'),(40,'MMQYKTJFFIWLRAGIGYG62JMSBQ-01@cloudtestlabaccounts.com','MMQYKTJFFIWLRAGIGYG62JMSBQ-01@cloudtestlabaccounts.com','MMQYKTJFFIWLRAGIGYG62JMSBQ-01@cloudtestlabaccounts.com',NULL,NULL,'User','d1bc64a724546e118bcc1208c142bdc8',NULL,NULL,NULL,NULL,'2019-05-16 19:12:07'),(41,'MMQYKTJFFIWLRAGIGYG62JMSBQ-03@cloudtestlabaccounts.com','MMQYKTJFFIWLRAGIGYG62JMSBQ-03@cloudtestlabaccounts.com','MMQYKTJFFIWLRAGIGYG62JMSBQ-03@cloudtestlabaccounts.com',NULL,NULL,'User','c0dfbaf9022940f6e8c00d1ca79068c2',NULL,NULL,NULL,NULL,'2019-05-16 19:14:34'),(42,'MMQYKTJFFIWLRAGIGYG62JMSBQ-04@cloudtestlabaccounts.com','MMQYKTJFFIWLRAGIGYG62JMSBQ-04@cloudtestlabaccounts.com','MMQYKTJFFIWLRAGIGYG62JMSBQ-04@cloudtestlabaccounts.com',NULL,NULL,'User','b0c8dc1eaad643c862a7ea24bff280c2',NULL,NULL,NULL,NULL,'2019-05-16 19:23:33'),(43,' 256773863940','Opio Peter (unction)','peteropiounction@gmail.com',' 256773863940','male','User','fc25acbbb710f381f99d73f00219c8d5',' 256773863940_1558116323260.png',NULL,NULL,'24/5/2019','2019-05-17 18:00:36'),(44,'brians.indabi@gmail.com','brians Indabi','brians.indabi@gmail.com',NULL,NULL,'User','ea43e99c82e36463eb28e044eb94c450','brians.indabi@gmail.com_1558154970597.png',NULL,NULL,NULL,'2019-05-18 04:48:37'),(45,'getgearug@gmail.com','Get Gear','getgearug@gmail.com',' 256779463779','male','User','1339ae17dc4a90a74a5c59555c626ca0','getgearug@gmail.com_1558335266567.png',NULL,NULL,'17/5/2019','2019-05-18 20:06:15'),(46,'abdumalik.ali83@gmail.com','Abdumalik Ali','abdumalik.ali83@gmail.com','0758057765','male','User','01e43e0d51def90b857d8c8af405ab43','abdumalik.ali83@gmail.com_1558450703390.png',NULL,NULL,'5/6/2013','2019-05-21 06:40:53'),(47,'patrickwasswak@gmail.com','patrick wasswa k','patrickwasswak@gmail.com','0752046373','male','User','c77cb8164921e47b93ff04e39aa674a8','patrickwasswak@gmail.com_1558431307622.png',NULL,NULL,'3/6/1979','2019-05-21 09:07:00'),(48,' 256781510233','choy','oyiniales@gmail.com',' 256781510233','male','User','91efddcaf54b5c3be8cda501e7340fb7','user.png',NULL,NULL,'22/6/1993','2019-05-21 15:16:18'),(49,'deniscateis@gmail.com','denis caeis','deniscateis@gmail.com','0774221567','male','User','fb19b01a1c3f64b82f42ae362d67b908','deniscateis@gmail.com_1558515468035.png',NULL,NULL,'25/11/1984','2019-05-22 08:53:11'),(50,'nakkazialisat@gmail.com','Nakkazi Alisat','nakkazialisat@gmail.com','0786844183','male','User','dc380f8c6abde4ccabca35829a6284cf','nakkazialisat@gmail.com_1558534478101.png',NULL,NULL,'22/5/1989','2019-05-22 14:13:19'),(51,' 256700756648','Onangu Martin','martinzonangu100@gmail.com',' 256700756648','male','User','ddaa930bbdd6a2a53b2773ea72ff7995','user.png',NULL,NULL,'5/5/2019','2019-05-23 13:19:35'),(52,'kasawulidavid@gmail.com','KASAWULI DAVID KUTEESA','kasawulidavid@gmail.com','0708227570','male','User','32521d35fa18bc5744cdcddae8c9cecc',NULL,NULL,NULL,'23/5/1993','2019-05-23 16:11:43'),(53,' 256700850781','NAMYALO JOAN \nNAMYALO JOAN','joannamyalo20@gmail.com',' 256700850781','female','User','b76f1c8d303203b9af089aae9a2ed5b9','user.png',NULL,NULL,'19/7/1995','2019-05-24 17:33:55'),(54,' 2560759858166','Matovu Francis','fmatovu254@gmail.com',' 2560759858166','male','User','bf15a488a0b11e14f5ac661d52078a85','user.png',NULL,NULL,'23/8/1995','2019-05-25 04:54:20'),(55,' 2560782758024','mayende Joshua','blessingjoshpro211@gmail.com',' 2560782758024','male','User','52b2f29e4b183fce45892c3106aaade0','user.png',NULL,NULL,'28/5/1998','2019-05-25 06:10:35'),(56,' 2560703607529','Sulait','sulaitkibuuka1981@gmail.com',' 2560703607529','male','User','acf0e985adecc2f71c83a35e0c0a0013','user.png',NULL,NULL,'5/12/1981','2019-05-25 08:33:49'),(57,'waglexinc@gmail.com','waglex Inc','waglexinc@gmail.com',' 2567794637795','male','User','6a26a6eca4f95dec30b19ae5334d5221',NULL,NULL,NULL,'17/5/2019','2019-05-25 11:46:14'),(58,' 256706100942','Glasic Nick','glastrf@gmail.com',' 256706100942','female','User','64dda788ec97cb4a5d67368be7df102d','user.png',NULL,NULL,'1/9/1993','2019-05-27 12:30:32'),(59,' 2560751169631','g','johnochwo44@gamil.com',' 2560751169631','male','User','c70c932119dbe25ccbf44268abc0d84d','null_1558980993512.png',NULL,NULL,'14/8/2016','2019-05-27 18:17:14'),(60,' 256750400303','Wasswa Charles','riales175@gmail.com',' 256750400303','male','User','aafc0cabd82cb1fc2e54c79628bde3b7','null_1559026685316.png',NULL,NULL,'15/6/1994','2019-05-28 06:58:20'),(61,' 256758996969','Patrick Moses','moses@dreamoccasionsug.com',' 256758996969','male','User','361a2db765c31f32011ea2ea4e18365a','user.png',NULL,NULL,'7/4/1973','2019-05-28 10:04:08'),(62,' 256751186981','madewise\n\nBankunda\nBankunda','madewiseleerwota@gmail.com',' 256751186981','male','User','a0699909d3d31ed7ebc71abc18b000f8','user.png',NULL,NULL,'20/5/2019','2019-05-28 10:29:45'),(63,' 2560759433668','wangubo','wkizzaali11@gmail.com',' 2560759433668','male','User','0f81baa9caedc1808d1b32f7532d9500','user.png',NULL,NULL,'15/5/1994','2019-05-28 13:55:56'),(64,'johnochwo44@gmail.com','John Ochwo','johnochwo44@gmail.com','0751169631','male','User','138f43589acd17630e12a8d34ed78080',NULL,NULL,NULL,'14/8/1994','2019-05-28 15:44:18'),(65,' 256759333634','Kaweesi Rogers','rogersweat.hutsles363@gmail.com',' 256759333634','male','User','a4b9dc073002f55d8e016644447a9188','user.png',NULL,NULL,'1/10/2010','2019-05-28 18:52:58'),(66,' 256783579049','Odong Martin','martineodong256@gmail.com',' 256783579049','male','User','8cda0f91487aab770c1a4224c4903c80','user.png',NULL,NULL,'3/7/1993','2019-05-28 21:19:41'),(67,' 256758781629','Luwagga fred','luwaggafred@gmail.com',' 256758781629','male','User','55a046b4962297e52c27f1e4d55d17ac','user.png',NULL,NULL,'8/5/2019','2019-05-29 07:06:23'),(68,' 260972967580','banda peter','pbanda652@gmail.com',' 260972967580','male','User','261669d78e3e47faee5e74b62ecad4af','null_1559238832923.png',NULL,NULL,'25/5/1995','2019-05-30 17:54:40'),(69,'brianlutaaya19@gmail.com','Brian Lutaaya','brianlutaaya19@gmail.com',' 256703170621','male','User','e4350277424ca8eedf042f6df65de3f0',NULL,NULL,NULL,'9/11/1993','2019-05-30 18:21:14'),(70,' 256778197012','Derrick Kabuye','kabderrick9@gmail.com',' 256778197012','male','User','485dbd69863196c05b868843d4921819','user.png',NULL,NULL,'12/4/1993','2019-05-30 19:18:05'),(71,' 256754144172','micdadie photography','musinguzimike4@gmail.com',' 256754144172','male','User','8e3280acd4fb69eed93c27340d4e53eb','null_1559277449178.png',NULL,NULL,'17/4/1996','2019-05-31 04:37:40'),(72,' 2560701881400','Daniel','craytondaniel3@gmail.com',' 2560701881400','male','User','d1144c26c92d32c373c07b3a6c8a54c1','user.png',NULL,NULL,'9/9/2019','2019-05-31 08:18:08'),(73,' 256703537629','Adirl','adirlkats@gmail.com',' 256703537629','male','User','7fbb1b05d0f296d44ef656653d0a9f76','user.png',NULL,NULL,'5/7/2019','2019-05-31 13:40:55'),(74,' 2560703022676','Akram Mahoro','akramluk76@gmail.com',' 2560703022676','male','User','4a52335c3813826a665a3aa344395fb6','null_1559311391569.png',NULL,NULL,'8/1/1994','2019-05-31 14:03:22'),(75,'oscark614@gmail.com','kamboni oscar','oscark614@gmail.com',' 256 756 192000','male','User','b57d058abf8675778d970bd72d081a70','oscark614@gmail.com_1559319976423.png',NULL,NULL,'4/4/1997','2019-05-31 16:22:43'),(76,' 256782549500','Benard mukasa','textsmukasa@gmail.com',' 256782549500','male','User','c7757c1e63dcbc30fd489e01445dd6d2','user.png',NULL,NULL,'22/6/1975','2019-05-31 20:19:18'),(77,' 256700783162','Nkata Arnold','nkataarnold1@gmail.com',' 256700783162','male','User','40720396d0e5ab0d123d8dab007ae1c9',' 256700783162_1559472224932.png',NULL,NULL,'2/2/2019','2019-05-31 21:02:19'),(78,'godfreyk160@gmail.com','kijjambu godfrey','godfreyk160@gmail.com','0705942592','male','User','03f768e4a0481f60506f396003ad2502',NULL,NULL,NULL,'11/4/1996','2019-06-01 07:02:09'),(79,'dukujames41@gmail.com','Duku James','dukujames41@gmail.com',' 211920092455','male','User','3a9b991b89505255bb757e8d4d90bacb',NULL,NULL,NULL,'31/1/2018','2019-06-01 18:58:36'),(80,' 256701936737','kush xris','kushyx49@gmail.com',' 256701936737','male','User','54fcb876960824cf5efffb1475ebd478','null_1559475476637.png',NULL,NULL,'11/0/1994','2019-06-02 11:42:26');
/*!40000 ALTER TABLE `users` ENABLE KEYS */;
UNLOCK TABLES;
/*!40103 SET TIME_ZONE=@OLD_TIME_ZONE */;

/*!40101 SET SQL_MODE=@OLD_SQL_MODE */;
/*!40014 SET FOREIGN_KEY_CHECKS=@OLD_FOREIGN_KEY_CHECKS */;
/*!40014 SET UNIQUE_CHECKS=@OLD_UNIQUE_CHECKS */;
/*!40101 SET CHARACTER_SET_CLIENT=@OLD_CHARACTER_SET_CLIENT */;
/*!40101 SET CHARACTER_SET_RESULTS=@OLD_CHARACTER_SET_RESULTS */;
/*!40101 SET COLLATION_CONNECTION=@OLD_COLLATION_CONNECTION */;
/*!40111 SET SQL_NOTES=@OLD_SQL_NOTES */;

-- Dump completed on 2019-06-03  0:23:31
